ARRD/IC/NE/1/10,I8403611,"",I8403612,"","","","",1,1
ARRD/IC/NE/1/4,I8300570,"",I8300574,"","","","",1,1
E/1981/55,I8100135,"",I8100134,I8100136,"","","",1,1
E/1982/22,I8202255,"",I8202256,I8202257,"","","",1,1
E/1983/45,I8301445,"",I8301446,I8302122,"","","",1,1
E/1984/25,I8401625,"",I8401627,I8401626,"","","",1,1
E/5589,I7400058,"",I0032914,"","","","",1,1
E/5785,I7600530,"",I0011948,I0011791,"","","",1,1
E/ECWA/1,"","",I7411907,I7410908,"","","",1,1
E/ECWA/10,"","",I7400057,"","","","",1,1
E/ECWA/100,I8003089,"",I8003088,"","","","",1,1
E/ECWA/100/ADD.1,I8003146,"",I8003145,"","","","",1,1
E/ECWA/100/ADD.2,I8003217,"",I8003216,"","","","",1,1
E/ECWA/101,I8003091,"",I8003090,"","","","",1,1
E/ECWA/102,I8003093,"",I8003092,"","","","",1,1
E/ECWA/103,I8003126,"",I8003125,"","","","",1,1
E/ECWA/104,I8013128,"",I8003127,"","","","",1,1
E/ECWA/105,I0803138,"",I8003137,"","","","",1,1
E/ECWA/106,I8003140,"",I8003139,"","","","",1,1
E/ECWA/107,I8003142,"",I8003141,"","","","",1,1
E/ECWA/108,I8003150,"",I8003185,"","","","",1,1
E/ECWA/109,I8003181,"",I8003182,"","","","",1,1
E/ECWA/10/REV.1,"","",I7401007,"","","","",1,1
E/ECWA/11,"","",I7400056,"","","","",1,1
E/ECWA/110,I8003221,"",I8003220,"","","","",1,1
E/ECWA/111,I8003214,"",I8003215,"","","","",1,1
E/ECWA/112,I8002318,"",I8003128,"","","","",1,1
E/ECWA/113,I8003224,"",I9003263,"","","","",1,1
E/ECWA/114,I8003228,"",I8003226,I8003229,"","","",1,1
E/ECWA/115,"","","",I8104017,"","","",1,1
E/ECWA/115/ADD.1,"","",I8103946,"","","","",1,1
E/ECWA/115/ADD.1/REV.1,I8104084,"",I8104083,"","","","",1,1
E/ECWA/115/REV.1,I8104092,"",I8114093,"","","","",1,1
E/ECWA/116,I8103995,"",I8103857,"","","","",1,1
E/ECWA/116/ADD.1,I8104072,"",I8104071,"","","","",1,1
E/ECWA/117,I8103824,"",I8103823,"","","","",1,1
E/ECWA/117/ADD.1,I8103848,"",I8103847,"","","","",1,1
E/ECWA/117/ADD.2,I8103959,"",I8103958,"","","","",1,1
E/ECWA/118,I8103702,"",I8103701,"","","","",1,1
E/ECWA/118/ADD.1,I8103704,"",I8103703,"","","","",1,1
E/ECWA/118/ADD.2,I8103778,"",I8103777,"","","","",1,1
E/ECWA/118/ADD.3,I8103856,"",I8103855,"","","","",1,1
E/ECWA/118/ADD.4,I8103867,"",I8103866,"","","","",1,1
E/ECWA/118/ADD.5,I8104105,"",I8104104,"","","","",1,1
E/ECWA/119,I8103705,"",I8103915,"","","","",1,1
E/ECWA/119/ADD.1,I8103832,"",I8103831,"","","","",1,1
E/ECWA/11/REV.1,I7604790,"",I7400060,"","","","",1,1
E/ECWA/12,I7400058,"",I0032914,"","","","",1,1
E/ECWA/120,I8103740,"",I8103739,"","","","",1,1
E/ECWA/120/ADD.1,I8103780,"",I8103779,"","","","",1,1
E/ECWA/120/ADD.2,I8103791,"",I8103790,"","","","",1,1
E/ECWA/120/ADD.3,I8103864,"",I8103863,"","","","",1,1
E/ECWA/121,I8103887,"",I8103886,"","","","",1,1
E/ECWA/121/ADD.1,I8104099,"",I8104098,"","","","",1,1
E/ECWA/122,I8103920,"",I8103919,"","","","",1,1
"E/ECWA/122/ADD.1 (PART II)",I8103924,"",I8103923,"","","","",1,1
"E/ECWA/122/ADD.1 (PART I)",I8103922,"",I8103921,"","","","",1,1
E/ECWA/122/ADD.2,I8103929,"",I8103928,"","","","",1,1
E/ECWA/122/ADD.3,I8103926,"",I8103925,"","","","",1,1
E/ECWA/123,I8103896,"",I8103895,"","","","",1,1
E/ECWA/123/ADD.1,I8103862,"",I8103861,"","","","",1,1
E/ECWA/124,I8103907,"",I8103906,"","","","",1,1
E/ECWA/124/ADD.1,I8103826,"",I8103825,"","","","",1,1
E/ECWA/124/ADD.2,I8103828,"",I8103827,"","","","",1,1
E/ECWA/124/ADD.3,I8103898,"",I8103897,"","","","",1,1
E/ECWA/125,I8103964,"",I8103963,"","","","",1,1
E/ECWA/125/ADD.1,I8103954,"",I8103953,"","","","",1,1
E/ECWA/126/ADD.1,I8103834,"",I8103833,"","","","",1,1
E/ECWA/127,I8103830,"",I8103829,"","","","",1,1
E/ECWA/128/REV.2,I8104081,"",I8103758,"","","","",1,1
E/ECWA/129,I8103956,"",I8103955,"","","","",1,1
E/ECWA/129/ADD.1,I8104076,"",I8104075,"","","","",1,1
E/ECWA/13,"","",I7500180,"","","","",1,1
"E/ECWA/13 ANNEX","","",I7500143,"","","","",1,1
E/ECWA/130,I8103807,"",I8103806,"","","","",1,1
E/ECWA/131,I8104109,"",I8104110,"","","","",1,1
E/ECWA/132,I8104111,"",I8104112,"","","","",1,1
E/ECWA/133,I8104113,"",I8104114,"","","","",1,1
E/ECWA/134,I8100135,"",I8100134,I8100136,"","","",1,1
E/ECWA/135/ADD.1,I8200114,"",I8200076,"","","","",1,1
E/ECWA/135/REV.1,I8200193,"",I8200194,"","","","",1,1
E/ECWA/136,I8200190,"",I8200189,"","","","",1,1
E/ECWA/137/REV.2,I8200219,"",I8200221,"","","","",1,1
E/ECWA/138,"","",I8200099,"","","","",1,1
E/ECWA/138/ADD.1,I8200132,"",I8200048,"","","","",1,1
E/ECWA/138/ADD.2,I8200127,"",I8200111,"","","","",1,1
E/ECWA/139,I8200149,"",I8200063,"","","","",1,1
E/ECWA/139/ADD.1,I8200202,"",I8200198,"","","","",1,1
E/ECWA/13/CORR.1,"","",I7500259,"","","","",1,1
E/ECWA/14,I7500207,"",I7501001,I7500206,"","","",1,1
E/ECWA/140,I8200055,"",I8200037,"","","","",1,1
E/ECWA/141,I8200062,"",I8200103,"","","","",1,1
E/ECWA/142,I8200220,"",I8200217,"","","","",1,1
E/ECWA/142/ADD.1,"","",I8200179,"","","","",1,1
E/ECWA/143,I8200101,"",I8200034,"","","","",1,1
E/ECWA/144,I8200112,"",I8200033,"","","","",1,1
E/ECWA/145,I8200051,"",I8200032,"","","","",1,1
E/ECWA/146,I8200059,"",I8200043,"","","","",1,1
E/ECWA/147,I8200035,"",I8200025,"","","","",1,1
E/ECWA/148,I8200024,"",I8200022,"","","","",1,1
E/ECWA/149,"","",I8200041,"","","","",1,1
E/ECWA/14/ADD.1,"","",I7501002,"","","","",1,1
E/ECWA/15,I7500218,"",I7500225,I7500224,"","","",1,1
E/ECWA/150,I8200036,"",I8200027,"","","","",1,1
E/ECWA/151,I8200028,"",I8200021,"","","","",1,1
E/ECWA/152,I8200113,"",I8200107,"","","","",1,1
E/ECWA/152/ADD.1,I8200109,"",I8200077,"","","","",1,1
E/ECWA/152/ADD.2,I8200125,"",I8200124,"","","","",1,1
E/ECWA/152/ADD.3,I8200168,"",I8200078,"","","","",1,1
E/ECWA/153,I8200154,"",I8200130,"","","","",1,1
E/ECWA/154,I8200156,"",I8200134,"","","","",1,1
E/ECWA/155,I8200136,"",98200050,"","","","",1,1
E/ECWA/156,I8200204,"",I8200197,"","","","",1,1
E/ECWA/157,I8200222,"",I8200224,"","","","",1,1
E/ECWA/157/REV.1,I8202255,"",I8202256,I8202257,"","","",1,1
E/ECWA/158/ADD.1,I8300277,"",I8300276,"","","","",1,1
E/ECWA/158/REV.1,I8300351,"",I8300350,"","","","",1,1
E/ECWA/159/REV.2,I8300353,"",I8300352,"","","","",1,1
E/ECWA/16,"","",I7500230,"","","","",1,1
E/ECWA/160/REV.1,I8300329,"",I8300328,"","","","",1,1
E/ECWA/161,I8300319,"",I8300318,"","","","",1,1
E/ECWA/162,I8300284,"",I8300281,"","","","",1,1
E/ECWA/162/ADD.1,I8300146,"",I8300147,"","","","",1,1
E/ECWA/162/ADD.2,I8300226,"",I8300166,"","","","",1,1
E/ECWA/163,I8300262,"",I8300167,"","","","",1,1
E/ECWA/164,I8300207,"",I8300150,"","","","",1,1
E/ECWA/165,I8300272,"",I8300271,"","","","",1,1
E/ECWA/166,I8300173,"",I8300148,"","","","",1,1
E/ECWA/166/ADD.1,I8307173,"","","","","","",1,1
E/ECWA/167,I8302200,"",I8300219,"","","","",1,1
E/ECWA/167/ADD.1,I8300346,"",I8300345,"","","","",1,1
E/ECWA/167/ADD.1/REV.2,I8300404,"",I8300403,"","","","",1,1
E/ECWA/168,I8300285,"",I8300282,"","","","",1,1
E/ECWA/168/ADD.1,I8300171,"",I8300145,"","","","",1,1
E/ECWA/169,I8300266,"",I8300247,"","","","",1,1
E/ECWA/169/ADD.1,I8300251,"",I8300245,"","","","",1,1
E/ECWA/169/ADD.1/CORR.2,"","",I8300323,"","","","",1,1
E/ECWA/169/ADD.2,I8300301,"","","","","","",1,1
E/ECWA/169/ADD.2/REV.1,"","",I8300308,"","","","",1,1
E/ECWA/17,"","",I7501003,"","","","",1,1
E/ECWA/170,I8300236,"",I8300209,"","","","",1,1
E/ECWA/171/REV.2,I8301445,"",I8301446,I8302122,"","","",1,1
E/ECWA/17/PART.1,I7500277,"",I7500221,"","","","",1,1
E/ECWA/17/PART.2,"","",I7501004,"","","","",1,1
E/ECWA/18,"","",I7500229,"","","","",1,1
E/ECWA/19,I7500287,"",I7500223,"","","","",1,1
E/ECWA/1/ADD.1,I7400011,"",I7400009,I7400008,"","","",1,1
E/ECWA/2,I7411677,"",I7411678,I7411679,"","","",1,1
E/ECWA/20,I7500237,"",I7500231,"","","","",1,1
E/ECWA/21,"","",I7500233,"","","","",1,1
"E/ECWA/21/ PART.2",I7500238,"",I7500239,"","","","",1,1
E/ECWA/22,I7500246,"",I7500255,"","","","",1,1
E/ECWA/23,"","",I7500247,"","","","",1,1
E/ECWA/24,"","",I7500248,"","","","",1,1
E/ECWA/25,I7500263,"",I7500256,I7501005,"","","",1,1
E/ECWA/26,"","",I7500275,"","","","",1,1
E/ECWA/27,I7500291,"",I7500289,I7500290,"","","",1,1
E/ECWA/28,I7500354,"",I0012322,I0012323,"","","",1,1
E/ECWA/29/REV.1/ADD.1,I7600493,"","","","","","",1,1
E/ECWA/29/REV.1/ADD.1/REV.1,I7600520,"",I7600519,"","","","",1,1
E/ECWA/29/REV.2,"","",I7600524,"","","","",1,1
E/ECWA/2/REV.2,I8400367,"",I8400366,"","","","",1,1
E/ECWA/3,I7411346,"",I7411347,I7411348,"","","",1,1
E/ECWA/30,I7600482,"",I7600475,"","","","",1,1
E/ECWA/30.CORR.1,"","",I7600478,"","","","",1,1
E/ECWA/30/ADD.1,I7600512,"",I7600506,"","","","",1,1
E/ECWA/31,I7600747,"",I7600476,"","","","",1,1
E/ECWA/31/ADD.1,I7600486,"",I7600485,"","","","",1,1
E/ECWA/31/REV.1,I7600498,"",I7600494,"","","","",1,1
E/ECWA/32,I7600484,"",I7600483,"","","","",1,1
E/ECWA/32/ADD.1,I7600500,"",I7600499,"","","","",1,1
E/ECWA/33,I7600488,"",I7600487,"","","","",1,1
E/ECWA/34,I7600522,"",I7600521,"","","","",1,1
E/ECWA/35,I7600497,"",I7600496,"","","","",1,1
E/ECWA/35/ADD.1,I7600501,"",I7600505,"","","","",1,1
E/ECWA/36,I7600529,"",I7600532,"","","","",1,1
E/ECWA/36/REV.1,I7600541,"",I7600542,"","","","",1,1
E/ECWA/36/REV.2,I7600547,"","","","","","",1,1
E/ECWA/37,I7600530,"","","","","","",1,1
E/ECWA/37,I7600530,"",I0011948,I0011791,"","","",1,1
E/ECWA/38,I7600538,"",I7600537,"","","","",1,1
E/ECWA/38/ADD.1,"","",I7600539,"","","","",1,1
E/ECWA/39,"","",I7600546,"","","","",1,1
E/ECWA/4,"","",I7412006,I7400017,"","","",1,1
E/ECWA/40,I7600554,"",I7600555,"","","","",1,1
E/ECWA/41/REV.1,I7700792,"",I7700791,"","","","",1,1
E/ECWA/42/REV.1,"","",I7801821,"","","","",1,1
E/ECWA/42/REV.1,I7700794,"",I7600793,"","","","",1,1
E/ECWA/43,I7700798,"",I7700797,"","","","",1,1
E/ECWA/43/ADD.1,I7700859,"",I7700851,"","","","",1,1
E/ECWA/43/ADD.1/REV.1,I770080,"",I7700877,"","","","",1,1
E/ECWA/43/ADD.2,I7700889,"",I7700892,"","","","",1,1
E/ECWA/43/REV.1,I7700900,"",I7700901,"","","","",1,1
E/ECWA/44,I7700788,"",I7700790,"","","","",1,1
E/ECWA/44/ADD.1,I7700799,"","","","","","",1,1
E/ECWA/44/ADD.1/REV.1,I7700906,"",I7700905,"","","","",1,1
E/ECWA/44/REV.1,I7700899,"",I7700890,"","","","",1,1
E/ECWA/45,I7700804,"",I7700805,"","","","",1,1
E/ECWA/45/ADD.1,I7700837,"",I7700836,"","","","",1,1
E/ECWA/45/ADD.1/CORR.1,I7700861,"","","","","","",1,1
E/ECWA/45/ADD.2,I7700896,"",I7700891,"","","","",1,1
E/ECWA/45/ADD.3,I7700847,"",I7700846,"","","","",1,1
E/ECWA/45/ADD.4,I7700869,"","","","","","",1,1
E/ECWA/46,I7700815,"",I7700807,"","","","",1,1
E/ECWA/47,I7700813,"",I7700808,"","","","",1,1
E/ECWA/47/REV.1,I7700879,"",I7700876,"","","","",1,1
E/ECWA/47/REV.1,"","",I7700791,"","","","",1,1
E/ECWA/47/REV.2,I7700883,"",I7700884,"","","","",1,1
E/ECWA/48,I7700809,"",I7700812,"","","","",1,1
E/ECWA/48/ADD.1,I7700811,"",I7700810,"","","","",1,1
E/ECWA/48/ADD.2,I7700909,"",I7700902,"","","","",1,1
E/ECWA/48/ADD.2/CORR.1,I7700912,"",I7700913,"","","","",1,1
E/ECWA/48/CORR.1,"","",I7700903,"","","","",1,1
E/ECWA/49,I7700860,"",I7700843,"","","","",1,1
E/ECWA/49/CORR.1,"","",I7700867,"","","","",1,1
E/ECWA/5,I7400018,"",I7400117,I7400019,"","","",1,1
E/ECWA/50,I7700833,"",I7700832,"","","","",1,1
E/ECWA/51,I7700814,"",I7700806,"","","","",1,1
E/ECWA/52,I7700839,"",I7700838,"","","","",1,1
E/ECWA/52/CORR.1,I7700864,"",I7700856,"","","","",1,1
E/ECWA/53,I7700894,"",I7700897,"","","","",1,1
E/ECWA/54,I7700917,"","","","","","",1,1
E/ECWA/55,"","",I7801695,I7801745,"","","",1,1
E/ECWA/55/REV.1,"","",I7802138,"","","","",1,1
E/ECWA/55/REV.1/ADD.1,I7802155,"",I7802162,"","","","",1,1
E/ECWA/55/REV.1/ADD.1/CORR.1,"","",I7802185,"","","","",1,1
E/ECWA/55/REV.1/ADD.2,I7802182,"",I7802187,"","","","",1,1
E/ECWA/55/REV.2,I7802202,"",I7802203,"","","","",1,1
E/ECWA/56,I7801698,"",I7801630,"","","","",1,1
E/ECWA/56/ADD.1,I7802179,"",I7802178,"","","","",1,1
E/ECWA/57,I7801694,"",I7801663,"","","","",1,1
E/ECWA/57/ADD.1,I7802077,"",I7802078,"","","","",1,1
E/ECWA/57/ADD.2,I7802060,"",I7802084,"","","","",1,1
E/ECWA/57/CORR.1,I7802089,"",I7802088,"","","","",1,1
E/ECWA/58,I7801710,"",I7801709,"","","","",1,1
E/ECWA/59,I7801720,"",I7801714,"","","","",1,1
E/ECWA/59/ADD.1,I7801740,"",I7801741,"","","","",1,1
E/ECWA/59/ADD.2,I7802152,"",I7802149,"","","","",1,1
E/ECWA/59/ADD.3,I7802169,"",I7802168,"","","","",1,1
E/ECWA/59/ADD.4,I7802184,"",I7802183,"","","","",1,1
E/ECWA/5/ADD.1,I7400028,"",I7400024,I7400027,"","","",1,1
E/ECWA/6,I7401002,"",I7401001,"","","","",1,1
E/ECWA/60,I7801724,"",I7801723,"","","","",1,1
E/ECWA/61,I7802102,"","","","","","",1,1
E/ECWA/61/REV.1,I7802189,"",I7802194,"","","","",1,1
E/ECWA/61/REV.2,I7802198,"",I7802197,"","","","",1,1
E/ECWA/61/REV.2/ADD.1,I7802200,"",I7802201,"","","","",1,1
E/ECWA/62,I7801749,"",I7801748,"","","","",1,1
E/ECWA/62/REV.1,I7802154,"",I7802150,"","","","",1,1
E/ECWA/62/REV.1/ADD.1,"","",I7802206,"","","","",1,1
E/ECWA/63,I7802167,"",I7802158,"","","","",1,1
E/ECWA/64,I7802095,"",I7802096,"","","","",1,1
E/ECWA/64/ADD.1,I7802213,"",I7802212,"","","","",1,1
E/ECWA/64/ADD.2,I7902363,"",I7802358,"","","","",1,1
E/ECWA/65,I7801862,"",I7801798,"","","","",1,1
E/ECWA/66,I7802177,"",I7802164,"","","","",1,1
E/ECWA/67,I7802170,"",I7802165,"","","","",1,1
E/ECWA/68,I7802163,"",I7802166,"","","","",1,1
E/ECWA/69,I7802205,"",I7802209,"","","","",1,1
E/ECWA/69/ADD.1,I7802294,"",I7802293,"","","","",1,1
E/ECWA/7,I7400021,"",I7400022,I7400023,"","","",1,1
E/ECWA/70,I7802217,"",I7802218,"","","","",1,1
E/ECWA/71,I7802216,"","","","","","",1,1
E/ECWA/72,I7802224,"",I7802225,"","","","",1,1
E/ECWA/73,I7902484,"",I7902483,"","","","",1,1
E/ECWA/73/ADD.1,I7902537,"",I7902536,"","","","",1,1
E/ECWA/73/REV.1,I7902546,"",I7902545,"","","","",1,1
E/ECWA/74,I7902500,"",I7902496,"","","","",1,1
E/ECWA/74/ADD.1,I7902530,"",I7902529,"","","","",1,1
E/ECWA/75,I7902507,"",I7902498,"","","","",1,1
E/ECWA/76,I7902512,"",I7902511,"","","","",1,1
E/ECWA/76/ADD.1,"","",I7902528,"","","","",1,1
E/ECWA/77,I7902510,"",I7902518,"","","","",1,1
E/ECWA/78,I7902515,"",I7902514,"","","","",1,1
E/ECWA/78/ADD.1,I7902520,"",I7902519,"","","","",1,1
E/ECWA/79,I7902522,"",I7902523,"","","","",1,1
E/ECWA/7/ADD.1,I7400031,"",I7401003,I7401004,"","","",1,1
E/ECWA/7/ADD.2,I7400032,"",I7400034,I7400033,"","","",1,1
E/ECWA/8,I7401005,"",I7410907,I7401006,"","","",1,1
E/ECWA/80,"","",I7902541,"","","","",1,1
E/ECWA/80/ADD.1,I7902539,"",I7902524,"","","","",1,1
E/ECWA/80/ADD.2,I7902544,"",I7902543,"","","","",1,1
E/ECWA/81,I7902525,"",I7902526,"","","","",1,1
E/ECWA/82,I7902597,"",I7902527,"","","","",1,1
E/ECWA/83,I7902534,"",I7902535,"","","","",1,1
E/ECWA/84,I7902550,"",I7902551,"","","","",1,1
E/ECWA/85,I7902553,"",I7902552,"","","","",1,1
E/ECWA/85/IG.1/3,I8500963,"","","","","","",1,1
E/ECWA/85/IG.1/4,I8501200,"","","","","","",1,1
E/ECWA/85/IG.1/CRP.1/AMEND.1,"","",I8501171,"","","","",1,1
E/ECWA/85/IG.1/CRP.2,I8501168,"","","","","","",1,1
E/ECWA/85/IG.1/INF.1/REV.1,I8501191,"","","","","","",1,1
E/ECWA/85/IG.1/WP.1/REV.1,G8600314,"",G8600316,"","","","",1,1
E/ECWA/85/IG.1/WP.2,"","",I8501057,"","","","",1,1
E/ECWA/85/IG.1/WP.3,"","",I8501050,"","","","",1,1
E/ECWA/85/IG.1/WP.4,"","",I8501063,"","","","",1,1
E/ECWA/86,I7902555,"",I7902554,"","","","",1,1
E/ECWA/87,I7902561,"",I7902560,"","","","",1,1
E/ECWA/88,"","",I7902570,"","","","",1,1
E/ECWA/89,"","",I8003051,"","","","",1,1
E/ECWA/89/ADD.1,I8006122,"",I8003121,"","","","",1,1
E/ECWA/89/ADD.2,I8003148,"",I8003149,"","","","",1,1
E/ECWA/89/ADD.3,"","",I8003180,"","","","",1,1
E/ECWA/89/REV.1,I8003212,"",I8003213,"","","","",1,1
E/ECWA/9,"","",I7466194,"","","","",1,1
E/ECWA/90,I8003100,"",I8003057,"","","","",1,1
E/ECWA/90/ADD.1,I8003110,"",I8003109,"","","","",1,1
E/ECWA/90/CORR.1,I8003144,"",I8003143,"","","","",1,1
E/ECWA/90/CORR.2,I8003184,"","","","","","",1,1
E/ECWA/91,I8003102,"",I8003101,"","","","",1,1
E/ECWA/92,I8003106,"",I8003105,"","","","",1,1
E/ECWA/93,I8003108,"",I8003107,"","","","",1,1
E/ECWA/94,I8003112,"",I8003111,"","","","",1,1
E/ECWA/94/ADD.1,I8003135,"",I8003131,"","","","",1,1
E/ECWA/94/CORR.1,I8003130,"",I8003129,"","","","",1,1
E/ECWA/95,I8003114,"",I0803113,"","","","",1,1
E/ECWA/95/ADD.1,I8003115,"",I8003116,"","","","",1,1
E/ECWA/96,I8003118,"",I8003117,"","","","",1,1
E/ECWA/96/ADD.1,I8003134,"",I8003133,"","","","",1,1
E/ECWA/97,I8003120,"",I8003119,"","","","",1,1
E/ECWA/97/ADD.1,I8003122,"",I8003123,"","","","",1,1
E/ECWA/98,I8013091,"",I8003078,"","","","",1,1
E/ECWA/99/REV.2,I8003207,"",I8003206,"","","","",1,1
E/ECWA/AGREB/I,"","",I7809241,"","","","",1,1
E/ECWA/AGREB/II,"","",I7809242,"","","","",1,1
E/ECWA/AGREB/III,"","",I7809243,"","","","",1,1
E/ECWA/AGREB/IV,"","",I8109545,"","","","",1,1
E/ECWA/AGREB/V,"","",I8109546,"","","","",1,1
E/ECWA/AGREB/VI,"","",I8109547,"","","","",1,1
E/ECWA/AGREB/VII,"","",I8500967,"","","","",1,1
E/ECWA/AGREB/VIII,"","",I8600403,"","","","",1,1
E/ECWA/AGRI/79/1,"","",I7902471,"","","","",1,1
E/ECWA/AGRI/79/2,"","",I7902501,"","","","",1,1
E/ECWA/AGRI/79/3,I8003174,"",I7902604,"","","","",1,1
E/ECWA/AGRI/79/4/REV.1,I8003170,"",I8003095,"","","","",1,1
E/ECWA/AGRI/79/7/REV.1,I8003413,"",I8003168,"","","","",1,1
E/ECWA/AGRI/79/8/REV.1,"","",I8003348,"","","","",1,1
E/ECWA/AGRI/79/9,"","",I7902763,"","","","",1,1
E/ECWA/AGRI/80/1/REV/1,"","",I8000555,"","","","",1,1
E/ECWA/AGRI/80/3,"","",I8103714,"","","","",1,1
E/ECWA/AGRI/80/4,I8104403,"","","","","","",1,1
E/ECWA/AGRI/80/5,I8104332,"","","","","","",1,1
E/ECWA/AGRI/80/6,"","",I8104328,"","","","",1,1
E/ECWA/AGRI/81/1,I8104295,"","","","","","",1,1
E/ECWA/AGRI/WG.13/8,"","",I8200631,"","","","",1,1
E/ECWA/AGRI/WG.14/9,I8300609,"","","","","","",1,1
E/ECWA/AGRI/WP/1,"","",I8104440,"","","","",1,1
E/ECWA/AGR/83/1/REV.1,I8400052,"","","","","","",1,1
E/ECWA/AGR/83/2,"","",I8409974,"","","","",1,1
E/ECWA/AGR/83/4,"","",I8309834,"","","","",1,1
E/ECWA/AGR/83/7,"","",I8500092,"","","","",1,1
E/ECWA/AGR/83/8,"","",I8400483,"","","","",1,1
E/ECWA/AGR/84/1,I8400008,"","","","","","",1,1
E/ECWA/AGR/84/3,"","",I8400279,"","","","",1,1
E/ECWA/AGR/84/5,"","",I8408845,"","","","",1,1
E/ECWA/AGR/84/6,"","",I8400646,"","","","",1,1
E/ECWA/AGR/84/7,"","",I8600844,"","","","",1,1
E/ECWA/AGR/84/8,"","",I8500126,"","","","",1,1
E/ECWA/AGR/84/9,"","",I8409765,"","","","",1,1
E/ECWA/AGR/85/2,"","",I8501350,"","","","",1,1
E/ECWA/AGR/IG.1/10,I8300629,"",I8300585,"","","","",1,1
E/ECWA/AGR/IG.1/11,I8403611,"",I8403612,"","","","",1,1
E/ECWA/AGR/IG.1/2,I8300570,"",I8300574,"","","","",1,1
E/ECWA/AGR/IG.1/7,I8300576,"",I8300569,"","","","",1,1
E/ECWA/AGR/WG.12/10,"","",I8105687,"","","","",1,1
E/ECWA/AGR/WG.12/12,"","",I8103992,"","","","",1,1
E/ECWA/AGR/WG.12/13,"","",I8103993,"","","","",1,1
E/ECWA/AGR/WG.12/14,"","",I8104171,"","","","",1,1
E/ECWA/AGR/WG.12/15,"","",I8105689,"","","","",1,1
E/ECWA/AGR/WG.12/16,"","",I8103996,"","","","",1,1
E/ECWA/AGR/WG.12/17,"","",I8103997,"","","","",1,1
E/ECWA/AGR/WG.12/18,"","",I8103998,"","","","",1,1
E/ECWA/AGR/WG.12/19,"","",I8103999,"","","","",1,1
E/ECWA/AGR/WG.12/1/REV.1,"","",I8104031,"","","","",1,1
E/ECWA/AGR/WG.12/2,"","",I8104489,"","","","",1,1
E/ECWA/AGR/WG.12/20,"","",I8104000,"","","","",1,1
E/ECWA/AGR/WG.12/21,"","",I8104001,"","","","",1,1
E/ECWA/AGR/WG.12/22,"","",I8104027,"","","","",1,1
E/ECWA/AGR/WG.12/23,"","",I8105988,"","","","",1,1
E/ECWA/AGR/WG.12/24,"","",I8104026,"","","","",1,1
E/ECWA/AGR/WG﻿.12/25,"","",I8104002,"","","","",1,1
E/ECWA/AGR/WG.12/26,"","",I8104003,"","","","",1,1
E/ECWA/AGR/WG.12/27,"","",I8104985,"","","","",1,1
E/ECWA/AGR/WG.12/29,"","",I8103978,"","","","",1,1
E/ECWA/AGR/WG.12/3,"","",I8104023,"","","","",1,1
E/ECWA/AGR/WG.12/30,I8104035,"",I8104034,"","","","",1,1
E/ECWA/AGR/WG.12/31,"","",I8104036,"","","","",1,1
E/ECWA/AGR/WG.12/31/REV.1,I8400079,"","","","","","",1,1
E/ECWA/AGR/WG.12/4,"","",I8108144,"","","","",1,1
E/ECWA/AGR/WG.12/5,"","",I8104028,"","","","",1,1
E/ECWA/AGR/WG.12/6,"","",I8103977,"","","","",1,1
E/ECWA/AGR/WG.12/7,"","",I8105690,"","","","",1,1
E/ECWA/AGR/WG.12/8,"","",I8105589,"","","","",1,1
E/ECWA/AGR/WG.12/9,"","",I8103991,"","","","",1,1
E/ECWA/AGR/WG.12/CP.1,"","",I8104006,"","","","",1,1
E/ECWA/AGR/WG.12/CP.2,"","",I8104030,"","","","",1,1
E/ECWA/AGR/WG.12/IINF.1,"","",I8104021,"","","","",1,1
E/ECWA/AGR/WG.12/INF.2,"","",I8104020,"","","","",1,1
E/ECWA/AGR/WG.12/INF.3/REV.1,"","",I8104038,"","","","",1,1
E/ECWA/AGR/WG.13/4,I8200599,"","","","","","",1,1
E/ECWA/AGR/WG.14/1,"","",I8300575,"","","","",1,1
E/ECWA/AGR/WG.14/10,"","",I8300597,"","","","",1,1
E/ECWA/AGR/WG.14/11,"","",I8300601,"","","","",1,1
E/ECWA/AGR/WG.14/12,I8300629,"",I8300585,"","","","",1,1
E/ECWA/AGR/WG.14/2,"","",I8300605,"","","","",1,1
E/ECWA/AGR/WG.14/3,"","",I8300598,"","","","",1,1
E/ECWA/AGR/WG.14/4,"","",I8300602,"","","","",1,1
E/ECWA/AGR/WG.14/5,"","",I8300599,"","","","",1,1
E/ECWA/AGR/WG.14/6,"","",I8300600,"","","","",1,1
E/ECWA/AGR/WG.14/7,"","",I8300603,"","","","",1,1
E/ECWA/AGR/WG.14/8,"","",I8300014,"","","","",1,1
E/ECWA/AGR/WG.14/8/ADD.1,"","",I8300596,"","","","",1,1
E/ECWA/AGR/WG.14/9,I8300609,"",I8300584,"","","","",1,1
E/ECWA/AGR/WG.14/INF.1,"","",I8300571,"","","","",1,1
E/ECWA/AGR/WG.14/INF.2,"","",I8300572,"","","","",1,1
E/ECWA/AGR/WG.14/INF.3/REV.1,"","",I8300612,"","","","",1,1
E/ECWA/AGR/WG.14/INF.4,"","",I8300559,"","","","",1,1
E/ECWA/AGR/WG.15/1,"","",I8300858,"","","","",1,1
E/ECWA/AGR/WG.15/2,"","",I8300522,"","","","",1,1
E/ECWA/AGR/WG.15/3,"","",I8300873,"","","","",1,1
E/ECWA/AGR/WG.15/4,"","",I8300807,"","","","",1,1
E/ECWA/AGR/WG.15/5,"","",I8300872,"","","","",1,1
E/ECWA/AGR/WG.15/6,"","",I8300874,"","","","",1,1
E/ECWA/AGR/WG.15/7,"","",I8300875,"","","","",1,1
E/ECWA/AGR/WG.15/8,"","",I8300876,"","","","",1,1
E/ECWA/AGR/WG.15/9,"","",I8500082,"","","","",1,1
E/ECWA/AGR/WG.15/INF.1,"","",I8300859,"","","","",1,1
E/ECWA/AGR/WG.15/INF.2,"","",I8300853,"","","","",1,1
E/ECWA/AGR/WG.15/INF.3/REV.1,"","",I8300883,"","","","",1,1
E/ECWA/AGR/WG.15/INF.4,"","",I8300852,"","","","",1,1
E/ECWA/AGR/WG.16/3,"","",I8400390,"","","","",1,1
E/ECWA/AGR/WG.18/11,"","",I8501211,"","","","",1,1
E/ECWA/CMTP/1/ADD.1/REV.1,I8200082,"",I8200081,"","","","",1,1
E/ECWA/CMTP/1/REV.1,I8200080,"",I8200079,"","","","",1,1
E/ECWA/CMTP/2/REV.1,I8200085,"",I8200084,"","","","",1,1
E/ECWA/CMTP/3/REV.1,I8200159,"",I8200158,"","","","",1,1
E/ECWA/CMTP/4,I8200732,"",I8200723,"","","","",1,1
E/ECWA/CMTP/INF.1/REV.1,I8200144,"",I8200143,"","","","",1,1
E/ECWA/CMTP/WP.1/1,I8103876,"",I8103875,"","","","",1,1
E/ECWA/CMTP/WP.1/10/REV.1,"","",I8200071,"","","","",1,1
E/ECWA/CMTP/WP.1/12/REV.1,I8200093,"",I8200092,"","","","",1,1
E/ECWA/CMTP/WP.1/13/REV.2,I8200110,"",I8200102,"","","","",1,1
E/ECWA/CMTP/WP.1/14/REV.1,I8200091,"",I8200090,"","","","",1,1
E/ECWA/CMTP/WP.1/15/REV.1,I8200123,"",I8200122,"","","","",1,1
E/ECWA/CMTP/WP.1/16/REV.1,I8200089,"",I8200088,"","","","",1,1
E/ECWA/CMTP/WP.1/2/REV.1,I8200105,"",I8201663,"","","","",1,1
E/ECWA/CMTP/WP.1/3/REV.1,I8200074,"",I8200075,"","","","",1,1
E/ECWA/CMTP/WP.1/4/REV.1,I8200096,"",I8200064,"","","","",1,1
E/ECWA/CMTP/WP.1/5/REV.2,I8200095,"",I8200065,"","","","",1,1
E/ECWA/CMTP/WP.1/6/REV.1,I8200119,"",I8200066,"","","","",1,1
E/ECWA/CMTP/WP.1/7/REV.1,I8200121,"",I8200067,"","","","",1,1
E/ECWA/CMTP/WP.1/8/REV.1,I8200104,"",I8200068,"","","","",1,1
E/ECWA/CMTP/WP.1/9/REV.1,I8200070,"",I8200069,"","","","",1,1
E/ECWA/CMTP/WP.1/REV.1,I8200165,"",I8200162,"","","","",1,1
E/ECWA/CMTP/WP.2/ADD.1/REV.1,I8200167,"",I8200160,"","","","",1,1
E/ECWA/CMTP/WP.2/REV.1,I8200140,"",I8200139,"","","","",1,1
E/ECWA/CP.1/9/REV.2,I8300404,"",I8300403,"","","","",1,1
E/ECWA/CP.1/ADD.1/REV.1,I8300211,"","","","","","",1,1
E/ECWA/CP.I/9,I8300346,"",I8300345,"","","","",1,1
E/ECWA/CP/2/REV.1,I8500457,"","","","","","",1,1
E/ECWA/CP/4/REV.1,"","",I8300180,"","","","",1,1
E/ECWA/CP/5/REV.1,"","",I8300181,"","","","",1,1
E/ECWA/CP/6/REV.1,"","",I8300182,"","","","",1,1
E/ECWA/CP/7/REV.1,"","",I8300183,"","","","",1,1
E/ECWA/CP/8/REV.1,"","",I8300184,"","","","",1,1
E/ECWA/CP/W.P.1/10/REV.1,I8300243,"",I8300194,"","","","",1,1
E/ECWA/CP/W.P.1/11/REV.1,I8300234,"",I8300195,"","","","",1,1
E/ECWA/CP/W.P.1/12/REV.1,I8300256,"",I8300196,"","","","",1,1
E/ECWA/CP/W.P.1/13/REV.1,I8300244,"",I8300197,"","","","",1,1
E/ECWA/CP/W.P.1/14/REV.1,I8300250,"",I8300198,"","","","",1,1
E/ECWA/CP/W.P.1/15/REV.1,I8300238,"",I8300199,"","","","",1,1
E/ECWA/CP/W.P.1/16/REV.1,I8300528,"",I8300200,"","","","",1,1
E/ECWA/CP/W.P.1/1/REV.1,"","",I8300185,"","","","",1,1
E/ECWA/CP/W.P.1/2/REV.1,I8300241,"",I8300186,"","","","",1,1
E/ECWA/CP/W.P.1/3/REV.1,I8300242,"",I8300187,"","","","",1,1
E/ECWA/CP/W.P.1/4/REV.1,I8300257,"",I8300188,"","","","",1,1
E/ECWA/CP/W.P.1/5/REV.1,I8300261,"",I8300189,"","","","",1,1
E/ECWA/CP/W.P.1/6/REV.1,I8300253,"",I8300190,"","","","",1,1
E/ECWA/CP/W.P.1/7/REV.1,I8300248,"",I8300191,"","","","",1,1
E/ECWA/CP/W.P.1/8/REV.1,I8300249,"",I8300192,"","","","",1,1
E/ECWA/CP/W.P.1/9/REV.1,I8300252,"",I8300193,"","","","",1,1
E/ECWA/CTMP/INF.2/REV.1,I8200142,"",I8200141,"","","","",1,1
E/ECWA/DPD/1/REV.1,"","",I7802048,"","","","",1,1
E/ECWA/DPD/2,"","",I8103691,"","","","",1,1
E/ECWA/DPD/5,I8104450,"","","","","","",1,1
E/ECWA/DPD/6,I8104452,"","","","","","",1,1
E/ECWA/DPD/7,I8104454,"","","","","","",1,1
E/ECWA/DPD/82/3,I8209953,"","","","","","",1,1
E/ECWA/DPD/82/4,I8200557,"","","","","","",1,1
E/ECWA/DPD/83/1,"","",I8300026,"","","","",1,1
E/ECWA/DPD/83/2,"","",I8300372,"","","","",1,1
E/ECWA/DPD/83/3,"","",I8300429,"","","","",1,1
E/ECWA/DPD/83/4,"","",I8300476,"","","","",1,1
E/ECWA/DPD/83/4/APPENDIX,"","",I8309985,"","","","",1,1
E/ECWA/DPD/83/5,"","",I8300650,"","","","",1,1
E/ECWA/DPD/83/6,"","",I8300815,"","","","",1,1
E/ECWA/DPD/83/7,"","",I8300296,"","","","",1,1
E/ECWA/DPD/84/1,I8400014,"","","","","","",1,1
E/ECWA/DPD/84/10,I8400582,"","","","","","",1,1
E/ECWA/DPD/84/11,I8400604,"","","","","","",1,1
E/ECWA/DPD/84/12,"","",I8400650,"","","","",1,1
E/ECWA/DPD/84/13,I8400704,"","","","","","",1,1
E/ECWA/DPD/84/13(SUMMARY),"","",I8400720,"","","","",1,1
E/ECWA/DPD/84/14,"","",I8400719,"","","","",1,1
E/ECWA/DPD/84/16,"","",I8400907,"","","","",1,1
E/ECWA/DPD/84/17,"","",I8400908,"","","","",1,1
E/ECWA/DPD/84/2,I8400015,"","","","","","",1,1
E/ECWA/DPD/84/3,I8400016,"","","","","","",1,1
E/ECWA/DPD/84/4,I8400017,"","","","","","",1,1
E/ECWA/DPD/84/5,I8400032,"","","","","","",1,1
E/ECWA/DPD/84/6,I8400033,"","","","","","",1,1
E/ECWA/DPD/84/7,I8400069,"","","","","","",1,1
E/ECWA/DPD/84/8,"","",I8400901,"","","","",1,1
E/ECWA/DPD/84/9,"","",I8400440,"","","","",1,1
E/ECWA/DPD/85/1,I8500052,"","","","","","",1,1
E/ECWA/DPD/85/10,I8500867,"","","","","","",1,1
E/ECWA/DPD/85/2,"","",I8500405,"","","","",1,1
E/ECWA/DPD/85/3,I8500456,"",I8500415,"","","","",1,1
E/ECWA/DPD/85/4,I8500891,"",I8500429,"","","","",1,1
E/ECWA/DPD/85/5,"","",I8500616,"","","","",1,1
E/ECWA/DPD/85/6,"","",I8500617,"","","","",1,1
E/ECWA/DPD/85/7,I8500597,"","","","","","",1,1
E/ECWA/DPD/85/9,"","",I8500959,"","","","",1,1
E/ECWA/DPD/WG.14/1/REV.1,I7902733,"",I7902711,"","","","",1,1
E/ECWA/DPD/WG.14/1/REV.2,I8003287,"",I8003373,"","","","",1,1
E/ECWA/DPD/WG.14/1/REV.2/ADD.1,I8003473,"",I8003472,"","","","",1,1
E/ECWA/DPD/WG.14/2,I7902690,"",I7902697,"","","","",1,1
E/ECWA/DPD/WG.14/3,I7902732,"",I7902704,"","","","",1,1
E/ECWA/DPD/WG.14/3/ADD.1,I7902734,"",I7902707,"","","","",1,1
E/ECWA/DPD/WG.14/3/ADD.2,I7902733,"",I7902711,"","","","",1,1
E/ECWA/DPD/WG.14/INF.1,I7902695,"",I7902691,"","","","",1,1
E/ECWA/DPD/WG.14/INF.2,I7902699,"",I7902698,"","","","",1,1
E/ECWA/DPD/WG.14/INF.3/REV.1,I7902703,"",I7909987,"","","","",1,1
E/ECWA/DPD/WG.15/10,I8104528,"",I8104499,"","","","",1,1
E/ECWA/DPD/WG.15/11,"","",I8104513,"","","","",1,1
E/ECWA/DPD/WG.15/12,"","",I8104459,"","","","",1,1
E/ECWA/DPD/WG.15/13,"","",I8104479,"","","","",1,1
E/ECWA/DPD/WG.15/14,"","",I8104554,"","","","",1,1
E/ECWA/DPD/WG.15/15,"","",I8104555,"","","","",1,1
E/ECWA/DPD/WG.15/16,"","",I8104559,"","","","",1,1
E/ECWA/DPD/WG.15/17,I8104533,"","","","","","",1,1
E/ECWA/DPD/WG.15/18,I8104550,"","","","","","",1,1
E/ECWA/DPD/WG.15/19,I8104532,"","","","","","",1,1
E/ECWA/DPD/WG.15/1/ADD.1,I8104202,"",I8104157,"","","","",1,1
E/ECWA/DPD/WG.15/1/REV.1,I8104507,"",I8104506,"","","","",1,1
E/ECWA/DPD/WG.15/1/REV.1/ADD.1,I8104510,"",I8104509,"","","","",1,1
E/ECWA/DPD/WG.15/2,I8103912,"",I8003588,"","","","",1,1
E/ECWA/DPD/WG.15/20,"","",I8104553,"","","","",1,1
E/ECWA/DPD/WG.15/21,"","",I8104556,"","","","",1,1
E/ECWA/DPD/WG.15/3,I8104177,"","","","","","",1,1
E/ECWA/DPD/WG.15/4,I8104411,"",I8104206,"","","","",1,1
E/ECWA/DPD/WG.15/5,I8104505,"","","","","","",1,1
E/ECWA/DPD/WG.15/6,I8104531,"",I8104327,"","","","",1,1
E/ECWA/DPD/WG.15/7,"","",I8104420,"","","","",1,1
E/ECWA/DPD/WG.15/8,"","",I8104451,"","","","",1,1
E/ECWA/DPD/WG.15/9,I8104517,"",I8104472,"","","","",1,1
E/ECWA/DPD/WG.15/9/ADD.1,I8300095,"","","","","","",1,1
E/ECWA/DPD/WG.15/INF.1,I8003580,"",I8104511,"","","","",1,1
E/ECWA/DPD/WG.15/INF.2,"","",I8104514,"","","","",1,1
E/ECWA/DPD/WG.15/INF.3/REV.1,I8104539,"",I8104560,"","","","",1,1
E/ECWA/DPD/WG.15/INF.4/REV.1,I8104541,"",I8104540,"","","","",1,1
E/ECWA/ECU/84/1,"","",I8400763,"","","","",1,1
E/ECWA/ECU/84/2,"","",I8400863,"","","","",1,1
E/ECWA/ECU/85/2,"","",I8500305,"","","","",1,1
E/ECWA/ECU/85/3,"","",I8500352,"","","","",1,1
E/ECWA/ECU/85/4,"","",I8500365,"","","","",1,1
E/ECWA/ECU/85/5,I8500796,"",I8500848,"","","","",1,1
E/ECWA/ECU/85/5(A),I8500796,"","","","","","",1,1
E/ECWA/ENV/WG.16/1,"","",I7902890,"","","","",1,1
E/ECWA/ENV/WG.16/2,I7902912,"","","","","","",1,1
E/ECWA/ENV/WG.16/3,I7902911,"","","","","","",1,1
E/ECWA/ENV/WG.16/4,I7902785,"","","","","","",1,1
E/ECWA/ENV/WG.16/5,I7902909,"",I7902767,"","","","",1,1
E/ECWA/ENV/WG.16/5(A),I7902909,"","","","","","",1,1
E/ECWA/ENV/WG.16/6,I7902786,"",I7902904,"","","","",1,1
E/ECWA/ENV/WG.16/7,I7902827,"",I7902902,"","","","",1,1
E/ECWA/ENV/WG.16/7(A),I7902827,"","","","","","",1,1
E/ECWA/ENV/WG.16/8,I7902906,"",I7902823,"","","","",1,1
E/ECWA/ENV/WG.16/8(A),I7902906,"","","","","","",1,1
E/ECWA/ENV/WG.16/9,I8002988,"",I8002987,"","","","",1,1
E/ECWA/ENV/WG.16/9(A),I8002988,"","","","","","",1,1
E/ECWA/ENV/WG.16/CP.1,I8002982,"","","","","","",1,1
E/ECWA/ENV/WG.16/CP.2,I8002985,"","","","","","",1,1
E/ECWA/ENV/WG.16/INF.1,I7902916,"",I7902915,"","","","",1,1
E/ECWA/ENV/WG.16/INF.1(A),I7902916,"","","","","","",1,1
E/ECWA/ENV/WG.16/INF.2,I8002973,"",I8002972,"","","","",1,1
E/ECWA/ENV/WG.16/INF.2(A),I8002973,"","","","","","",1,1
E/ECWA/ENV/WG.16/INF.3/REV.1,"","",I8002983,"","","","",1,1
E/ECWA/ENV/WP.1,"","",I8104453,"","","","",1,1
E/ECWA/ENV/WP.2,"","",I8104566,"","","","",1,1
E/ECWA/FAO/84/WG.1/10,"","",I8400933,"","","","",1,1
E/ECWA/FAO/84/WG.1/11,"","",I8400886,"","","","",1,1
E/ECWA/FAO/84/WG.1/12,"","",I8400925,"","","","",1,1
E/ECWA/FAO/84/WG.1/13,"","",I8400868,"","","","",1,1
E/ECWA/FAO/84/WG.1/14,I8400867,"",I8400950,"","","","",1,1
E/ECWA/FAO/84/WG.1/14(A),I8400867,"","","","","","",1,1
E/ECWA/FAO/84/WG.1/15,"","",I8400931,"","","","",1,1
E/ECWA/FAO/84/WG.1/16,I8400873,"",I8400899,"","","","",1,1
E/ECWA/FAO/84/WG.1/16(A),I8400873,"","","","","","",1,1
E/ECWA/FAO/84/WG.1/17,"","",I8400856,"","","","",1,1
E/ECWA/FAO/84/WG.1/18,"","",I8400870,"","","","",1,1
E/ECWA/FAO/84/WG.1/19,"","",I8400871,"","","","",1,1
E/ECWA/FAO/84/WG.1/1/REV.1,"","",I8400957,"","","","",1,1
E/ECWA/FAO/84/WG.1/20,"","",I8400948,"","","","",1,1
E/ECWA/FAO/84/WG.1/2/REV.1,"","",I8400914,"","","","",1,1
E/ECWA/FAO/84/WG.1/3,"","",I8400850,"","","","",1,1
E/ECWA/FAO/84/WG.1/4,"","",I8400942,"","","","",1,1
E/ECWA/FAO/84/WG.1/5,"","",I8400941,"","","","",1,1
E/ECWA/FAO/84/WG.1/6,"","",I8400943,"","","","",1,1
E/ECWA/FAO/84/WG.1/7,"","",I8400797,"","","","",1,1
E/ECWA/FAO/84/WG.1/8,I8400913,"",I8400903,"","","","",1,1
E/ECWA/FAO/84/WG.1/8(A),I8400913,"","","","","","",1,1
E/ECWA/FAO/84/WG.1/9,I8400793,"","","","","","",1,1
E/ECWA/FAO/84/WG.1/9/ADD.1,"","",I8400900,"","","","",1,1
E/ECWA/FAO/84/WG.1/INF.1,"","",I8400665,"","","","",1,1
E/ECWA/FAO/84/WG.1/INF.2,"","",I8400949,"","","","",1,1
E/ECWA/FAO/84/WG.1/INF.3/REV.1,"","",I8400981,"","","","",1,1
E/ECWA/HS/83/1,I8300030,"","","","","","",1,1
E/ECWA/HS/84/1,I8500781,"",I8400442,"","","","",1,1
E/ECWA/HS/84/1(A),I8500781,"","","","","","",1,1
E/ECWA/HS/85/1,I8500796,"",I8500848,"","","","",1,1
E/ECWA/HS/85/1(A),I8500796,"","","","","","",1,1
E/ECWA/HS/CONF.1/1,I7500375,"",I7500368,"","","","",1,1
E/ECWA/HS/CONF.1/2,I7500002,"","","","","","",1,1
E/ECWA/IAD/WG.11/10,"","",I7802085,"","","","",1,1
E/ECWA/IAD/WG.11/11,"","",I7902380,"","","","",1,1
E/ECWA/IAD/WG.11/13,"","",I7802999,"","","","",1,1
E/ECWA/IAD/WG.11/14,"","",I7802281,"","","","",1,1
E/ECWA/IAD/WG.11/15,"","",I7802910,"","","","",1,1
E/ECWA/IAD/WG.11/16,"","",I7802916,"","","","",1,1
E/ECWA/IAD/WG.11/17,"","",I7802915,"","","","",1,1
E/ECWA/IAD/WG.11/18,I7802918,"",I7802917,"","","","",1,1
E/ECWA/IAD/WG.11/19,"","",I7802914,"","","","",1,1
E/ECWA/IAD/WG.11/2,"","",I7802280,"","","","",1,1
E/ECWA/IAD/WG.11/20,"","",I7802301,"","","","",1,1
E/ECWA/IAD/WG.11/21,"","",I7802911,"","","","",1,1
E/ECWA/IAD/WG.11/22,"","",I7802998,"","","","",1,1
E/ECWA/IAD/WG.11/23,"","",I7802912,"","","","",1,1
E/ECWA/IAD/WG.11/24,"","",I7802913,"","","","",1,1
E/ECWA/IAD/WG.11/25,"","",I7802992,"","","","",1,1
E/ECWA/IAD/WG.11/26,"","",I7902461,"","","","",1,1
E/ECWA/IAD/WG.11/27,I7802993,"","","","","","",1,1
E/ECWA/IAD/WG.11/28,"","",I7902619,"","","","",1,1
E/ECWA/IAD/WG.11/3,"","",I7803299,"","","","",1,1
E/ECWA/IAD/WG.11/4,"","",I7802091,"","","","",1,1
E/ECWA/IAD/WG.11/5,"","",I7902384,"","","","",1,1
E/ECWA/IAD/WG.11/6,"","",I7902397,"","","","",1,1
E/ECWA/IAD/WG.11/7,"","",I7802302,"","","","",1,1
E/ECWA/IAD/WG.11/8,"","",I7802303,"","","","",1,1
E/ECWA/IAD/WG.11/9,"","",I7802304,"","","","",1,1
E/ECWA/ID/82/1,"","",I8200108,"","","","",1,1
E/ECWA/ID/83/1,"","",I8300098,"","","","",1,1
"E/ECWA/ID/83/2/PART. A","","",I8300310,"","","","",1,1
E/ECWA/ID/83/2/PART.B,"","",I8300311,"","","","",1,1
E/ECWA/ID/83/2/PART.C,"","",I8300312,"","","","",1,1
E/ECWA/ID/83/3,"","",I8300322,"","","","",1,1
E/ECWA/ID/83/4,"","",I8300321,"","","","",1,1
E/ECWA/ID/83/5,"","",I8300486,"","","","",1,1
E/ECWA/ID/83/6,"","",I8300778,"","","","",1,1
E/ECWA/ID/84/11,"","",I8400486,"","","","",1,1
E/ECWA/ID/84/12,"","",I8400485,"","","","",1,1
E/ECWA/ID/84/13,"","",I8401038,"","","","",1,1
"E/ECWA/ID/84/1/PART. A","","",I8400011,"","","","",1,1
E/ECWA/ID/84/1/PART.B,"","",I8400012,"","","","",1,1
E/ECWA/ID/84/3,"","",I8400055,"","","","",1,1
"E/ECWA/ID/84/4 (PART II)","","",I8400094,"","","","",1,1
"E/ECWA/ID/84/4 (PART. III)","","",I8400095,"","","","",1,1
E/ECWA/ID/84/5,"","",I8400360,"","","","",1,1
E/ECWA/ID/84/6,"","",I8400370,"","","","",1,1
E/ECWA/ID/84/9,I8400480,"","","","","","",1,1
E/ECWA/ID/84/WG.10/INF.1,"","",I8400752,"","","","",1,1
E/ECWA/ID/85/1,"","",I8500549,"","","","",1,1
E/ECWA/ID/85/2,"","",I8500676,"","","","",1,1
E/ECWA/ID/85/3,I8500704,"","","","","","",1,1
E/ECWA/ID/85/4,"","",I8500735,"","","","",1,1
E/ECWA/ID/85/5,"","",I8500809,"","","","",1,1
E/ECWA/ID/85/6,"","",I8500870,"","","","",1,1
E/ECWA/ID/85/WG.1/INF.1,"","",I8501117,"","","","",1,1
E/ECWA/ID/NR/WP.1,"","",I8104448,"","","","",1,1
E/ECWA/ID/WG.1/1,"","",I7400068,"","","","",1,1
E/ECWA/ID/WG.1/2,"","",I7400069,"","","","",1,1
E/ECWA/ID/WG.1/3,"","",I7400070,"","","","",1,1
E/ECWA/ID/WG.1/4,"","",I7400071,"","","","",1,1
E/ECWA/ID/WG.1/5,"","",I7400072,"","","","",1,1
E/ECWA/ID/WG.1/6,"","",I7400073,"","","","",1,1
E/ECWA/ID/WG.1/6/REV.1,"","",I7400092,"","","","",1,1
E/ECWA/ID/WG.1/7,I750128,"",I7400126,"","","","",1,1
E/ECWA/ID/WG.1/INF.1,"","",I7400074,"","","","",1,1
E/ECWA/ID/WG.1/INF.2,"","",I7400075,"","","","",1,1
E/ECWA/ID/WG.1/INF.3,"","",I7400082,"","","","",1,1
E/ECWA/ID/WG.1/L.1,"","",I7400083,"","","","",1,1
E/ECWA/ID/WG.1/L.2,"","",I7400096,"","","","",1,1
E/ECWA/ID/WG.1/L.2/REV.1,"","",I750104,"","","","",1,1
E/ECWA/ID/WG.3/1,"","",I750162,"","","","",1,1
E/ECWA/ID/WG.3/10,"","",I750171,"","","","",1,1
E/ECWA/ID/WG.3/11,"","",I750172,"","","","",1,1
E/ECWA/ID/WG.3/12,"","",I7501202,"","","","",1,1
E/ECWA/ID/WG.3/13,I750378,"",I7502009,"","","","",1,1
E/ECWA/ID/WG.3/14,"","",I750202,"","","","",1,1
E/ECWA/ID/WG.3/15,"","",I750205,"","","","",1,1
E/ECWA/ID/WG.3/16,"","",I750204,"","","","",1,1
E/ECWA/ID/WG.3/2,"","",I750163,"","","","",1,1
E/ECWA/ID/WG.3/3,"","",I750164,"","","","",1,1
E/ECWA/ID/WG.3/4,"","",I750165,"","","","",1,1
E/ECWA/ID/WG.3/5,"","",I750166,"","","","",1,1
E/ECWA/ID/WG.3/6,"","",I750167,"","","","",1,1
E/ECWA/ID/WG.3/7,"","",I750168,"","","","",1,1
E/ECWA/ID/WG.3/8,"","",I750169,"","","","",1,1
E/ECWA/ID/WG.3/9,"","",I750170,"","","","",1,1
E/ECWA/ID/WG.3/INF.1,"","",I750139,"","","","",1,1
E/ECWA/ID/WG.3/INF.1/REV.1,"","",I7502008,"","","","",1,1
E/ECWA/ID/WG.3/INF.2,"","",I750157,"","","","",1,1
E/ECWA/ID/WG.3/INF.3,"","",I750177,"","","","",1,1
E/ECWA/ID/WG.3/INF.3/REV.1,"","",I750203,"","","","",1,1
E/ECWA/ID/WG.3/INF.4,"","",I750176,"","","","",1,1
E/ECWA/ID/WG.4/1,"","",I8003446,"","","","",1,1
E/ECWA/ID/WG.4/10,"","",I8003576,"","","","",1,1
E/ECWA/ID/WG.4/11,"","",I8003585,"","","","",1,1
E/ECWA/ID/WG.4/12,"","",I8003592,"","","","",1,1
E/ECWA/ID/WG.4/14,"","",I8103604,"","","","",1,1
E/ECWA/ID/WG.4/16,"","",I8103623,"","","","",1,1
E/ECWA/ID/WG.4/17,"","",I8103728,"","","","",1,1
"E/ECWA/ID/WG.4/17 [MISC]","","",I8104482,"","","","",1,1
E/ECWA/ID/WG.4/18,"","",I8103743,"","","","",1,1
E/ECWA/ID/WG.4/19,"","",I8109630,"","","","",1,1
E/ECWA/ID/WG.4/2,"","",I8003454,"","","","",1,1
E/ECWA/ID/WG.4/20,I8103966,"","","","","","",1,1
E/ECWA/ID/WG.4/21,"","",I8104132,"","","","",1,1
E/ECWA/ID/WG.4/22,"","",I8104222,"","","","",1,1
E/ECWA/ID/WG.4/23,"","",I8104255,"","","","",1,1
E/ECWA/ID/WG.4/24,"","",I8104259,"","","","",1,1
E/ECWA/ID/WG.4/25,"","",I8104280,"","","","",1,1
E/ECWA/ID/WG.4/26,"","",I8104318,"","","","",1,1
E/ECWA/ID/WG.4/2/REV.1,"","",I8103927,"","","","",1,1
E/ECWA/ID/WG.4/3,"","",I8003477,"","","","",1,1
E/ECWA/ID/WG.4/4,"","",I8003478,"","","","",1,1
E/ECWA/ID/WG.4/5,"","",I8003479,"","","","",1,1
E/ECWA/ID/WG.4/6,"","",I8003544,"","","","",1,1
E/ECWA/ID/WG.4/7,"","",I8003545,"","","","",1,1
E/ECWA/ID/WG.4/8,"","",I8003546,"","","","",1,1
E/ECWA/ID/WG.4/9,"","",I8003574,"","","","",1,1
E/ECWA/ID/WG.4/INF.1/REV.1,"","",I8103936,"","","","",1,1
E/ECWA/ID/WG.4/INF.2/REV.1,"","",I8103937,"","","","",1,1
E/ECWA/ID/WG.4/INF.3/REV.1,"","",I8103938,"","","","",1,1
E/ECWA/ID/WG.5/1,"","",I8103933,"","","","",1,1
E/ECWA/ID/WG.5/2,"","",I8104126,"","","","",1,1
E/ECWA/ID/WG.5/3,"","",I8104127,"","","","",1,1
E/ECWA/ID/WG.5/4,"","",I8104147,"","","","",1,1
E/ECWA/ID/WG.5/5,"","",I8104234,"","","","",1,1
E/ECWA/ID/WG.5/6,"","",I8104493,"","","","",1,1
E/ECWA/ID/WG.5/7,"","",I8200029,"","","","",1,1
E/ECWA/ID/WG.5/INF.1,"","",I8103934,"","","","",1,1
E/ECWA/ID/WG.5/INF.2,"","",I8104010,"","","","",1,1
E/ECWA/ID/WG.5/INF.3,"","",I8104149,"","","","",1,1
E/ECWA/ID/WG.5/INF.4,"","",I8104439,"","","","",1,1
E/ECWA/ID/WG.5/INF.5,"","",I8109466,"","","","",1,1
E/ECWA/ID/WG.6/15,"","",I8203969,"","","","",1,1
E/ECWA/ID/WG.6/20,"","",I8300378,"","","","",1,1
E/ECWA/ID/WG.7/22,"","",I8300116,"","","","",1,1
E/ECWA/ID/WG.8/12,"","",I8203968,"","","","",1,1
E/ECWA/ID/WG.8/14,"","",I8203967,"","","","",1,1
E/ECWA/ID/WG.8/23,"","",I8203966,"","","","",1,1
E/ECWA/ID/WG.8/3,"","",I8400124,"","","","",1,1
E/ECWA/ID/WG.8/34,"","",I8203965,"","","","",1,1
E/﻿ECWA/ID/WG.8/39,"","",I8203964,"","","","",1,1
E/ECWA/ID/WG.8/40,"","",I8203963,"","","","",1,1
E/ECWA/ID/WG.8/42,"","",I8400434,"","","","",1,1
E/ECWA/ID/WG.8/INF.1,"","",I8203962,"","","","",1,1
E/ECWA/ID/WG.8/INF.1/REV.1,"","",I8300790,"","","","",1,1
E/ECWA/ID/WG.9/FR,"","",I8400065,"","","","",1,1
E/ECWA/ID/WP.1,I8104407,"","","","","","",1,1
E/ECWA/ID/WP.2,"","",I8104496,"","","","",1,1
E/ECWA/ILO/WG.4/10,I7502688,"",I7503899,"","","","",1,1
E/ECWA/ILO/WG.4/11,"","",I7502699,"","","","",1,1
E/ECWA/ILO/WG.4/12,I7502820,"",I7502960,"","","","",1,1
E/ECWA/ILO/WG.4/13,I7502823,"","","","","","",1,1
E/ECWA/ILO/WG.4/14,"","",I7502840,"","","","",1,1
E/ECWA/ILO/WG.4/15,"","",I7502850,"","","","",1,1
E/ECWA/ILO/WG.4/16,"","","",I7502988,"","","",1,1
E/ECWA/ILO/WG.4/17/REV.2,"","",I7502989,"","","","",1,1
E/ECWA/ILO/WG.4/18,"","",I7503001,"","","","",1,1
E/ECWA/ILO/WG.4/19,I7503444,"","","","","","",1,1
E/ECWA/ILO/WG.4/1/REV.1,"","",I7503975,"","","","",1,1
E/ECWA/ILO/WG.4/2,I7502580,"",I7501580,"","","","",1,1
E/ECWA/ILO/WG.4/20,I7503450,"","","","","","",1,1
E/ECWA/ILO/WG.4/21,I7503460,"","","","","","",1,1
E/ECWA/ILO/WG.4/22,I7503479,"","","","","","",1,1
E/ECWA/ILO/WG.4/23,I7503480,"","","","","","",1,1
E/ECWA/ILO/WG.4/24,"","","",I7503481,"","","",1,1
E/ECWA/ILO/WG.4/25,"","","",I7503510,"","","",1,1
E/ECWA/ILO/WG.4/26,I7503560,"","","","","","",1,1
E/ECWA/ILO/WG.4/27,"","","",I7503570,"","","",1,1
E/ECWA/ILO/WG.4/28,I7503580,"","","","","","",1,1
E/ECWA/ILO/WG.4/28/CP.1,I7503581,"","","","","","",1,1
E/ECWA/ILO/WG.4/29,I7503610,"","","","","","",1,1
E/ECWA/ILO/WG.4/3,I7502350,"",I7502351,"","","","",1,1
E/ECWA/ILO/WG.4/30,I7503640,"","","","","","",1,1
E/ECWA/ILO/WG.4/31,"","",I7503650,"","","","",1,1
E/ECWA/ILO/WG.4/32,"","","",I7503660,"","","",1,1
E/ECWA/ILO/WG.4/32A,I7503710,"","","","","","",1,1
E/ECWA/ILO/WG.4/34/REV.1,I7503940,"",I7503700,"","","","",1,1
E/ECWA/ILO/WG.4/35,I7503970,"",I7503910,"","","","",1,1
E/ECWA/ILO/WG.4/4,I7502970,"",I7502640,"","","","",1,1
E/ECWA/ILO/WG.4/5,"","","",I7502505,"","","",1,1
E/ECWA/ILO/WG.4/6,"","",I7502655,"","","","",1,1
E/ECWA/ILO/WG.4/7,"","",I7502499,"","","","",1,1
E/ECWA/ILO/WG.4/8,"","",I7502666,"","","","",1,1
E/ECWA/ILO/WG.4/9,I7502677,"","",I7502678,"","","",1,1
E/ECWA/INF.18,I7802181,"",I7802180,"","","","",1,1
E/ECWA/INF.19,I7802208,"",I7802207,"","","","",1,1
E/ECWA/INF.20,I7802220,"","","","","","",1,1
E/ECWA/INF.20/REV.1,"","",I7802214,"","","","",1,1
E/ECWA/INF.20/REV.2,"","",I7802221,"","","","",1,1
E/ECWA/INF.21,I7902538,"",I7902531,"","","","",1,1
E/ECWA/INF.22,I7902559,"","","","","","",1,1
E/ECWA/INF.22/REV.1,"","",I7900001,"","","","",1,1
E/ECWA/INF.23,I7902562,"","","","","","",1,1
E/ECWA/INF.24,I8003201,"",I8003190,"","","","",1,1
E/ECWA/INF.25/REV.1,I8003251,"",I8003247,"","","","",1,1
E/ECWA/INF.26/REV.1,I8003225,"",I8003223,"","","","",1,1
E/ECWA/INF.27,I8103949,"",I8103948,"","","","",1,1
E/ECWA/INF.28/REV.1,I8104108,"",I8104107,"","","","",1,1
E/ECWA/INF.29/REV.1,I8104117,"",I8104118,"","","","",1,1
E/ECWA/INF.30,I8200192,"",I8200191,"","","","",1,1
E/ECWA/INF.31/REV.1,"","",I8200196,"","","","",1,1
E/ECWA/INF.33,I8300339,"",I8300338,"","","","",1,1
E/ECWA/INF.34/REV.3,I8300394,"",I8300395,"","","","",1,1
E/ECWA/LIB/CUM.DOC/1,"","",I8103642,"","","","",1,1
E/ECWA/L.109,I8003227,"","","","","","",1,1
E/ECWA/L.24,"","",I7600503,"","","","",1,1
E/ECWA/L.24/ADD.1,"","",I7600513,"","","","",1,1
E/ECWA/L.25,"","",I7600051,"","","","",1,1
E/ECWA/L.67,"","",I7804267,"","","","",1,1
E/ECWA/L.68,"","",I7804274,"","","","",1,1
E/ECWA/L.68/ADD.1,"","",I7804268,"","","","",1,1
E/ECWA/L.69/ADD.1,"","",I7804269,"","","","",1,1
E/ECWA/L.71/ADD.1,"","",I7804271,"","","","",1,1
E/ECWA/L.72/ADD.1,"","",I7804272,"","","","",1,1
E/ECWA/L.73/ADD.1,"","",I7804273,"","","","",1,1
E/ECWA/L.78/ADD.1,"","",I7804278,"","","","",1,1
E/ECWA/L.84,"","",I7802222,"","","","",1,1
E/ECWA/L.95,I7902557,"",I7902558,"","","","",1,1
E/ECWA/MTN.1/INF.2/REV.2,"","",I7701138,"","","","",1,1
E/ECWA/MTN/SEM.1/1,I7701004,"",I7701015,"","","","",1,1
E/ECWA/MTN/SEM.1/11,"","",I7701031,"","","","",1,1
E/ECWA/MTN/SEM.1/12,"","",I7701063,"","","","",1,1
E/ECWA/MTN/SEM.1/13,I7701116,"",I7701115,"","","","",1,1
E/ECWA/MTN/SEM.1/2(A),I7701095,"",I7701075,"","","","",1,1
E/ECWA/MTN/SEM.1/2(B),I7701082,"",I7701041,"","","","",1,1
E/ECWA/MTN/SEM.1/2(C),I7701110,"",I7701106,"","","","",1,1
E/ECWA/MTN/SEM.1/3,I7701093,"",I7701094,"","","","",1,1
E/ECWA/MTN/SEM.1/4,"","",I7701120,"","","","",1,1
E/ECWA/MTN/SEM.1/6,I7701062,"",I7701068,"","","","",1,1
E/ECWA/MTN/SEM.1/7(VOL.III),"","",I7701117,"","","","",1,1
E/ECWA/MTN/SEM.1/7(VOL.II),"","",I7701013,"","","","",1,1
E/ECWA/MTN/SEM.1/7(VOL.I),"","",I7701006,"","","","",1,1
E/ECWA/MTN/SEM.1/8,I7709909,"",I7701019,"","","","",1,1
E/ECWA/MTN/SEM.1/9,"","",I7701007,"","","","",1,1
E/ECWA/MTN/SEM.1/INF.1/REV.1,"","",I7701148,"","","","",1,1
E/ECWA/MTN/SEM.1/INF.2,"","",I7701108,"","","","",1,1
E/ECWA/MTN/SEM.1/L.1,I7701439,"","","","","","",1,1
E/ECWA/MTN/SEM.1/L.1/REV.1,"","",I7701280,"","","","",1,1
E/ECWA/NR/1,"","",I770935,"","","","",1,1
E/ECWA/NR/10,I7902679,"",I7902595,"","","","",1,1
E/ECWA/NR/11,"","",I8103676,"","","","",1,1
E/ECWA/NR/12/CORR.1,"","",I8103874,"","","","",1,1
E/ECWA/NR/13/REV.1,"","",I8200514,"","","","",1,1
E/ECWA/NR/1/REV.1,"","",I7701383,"","","","",1,1
E/ECWA/NR/1/REV.2,I7801678,"",I7802068,"","","","",1,1
E/ECWA/NR/2,"","",I7701038,"","","","",1,1
E/ECWA/NR/3,"","",I7701171,"","","","",1,1
E/ECWA/NR/3/REV.1,I7801506,"",I7701260,"","","","",1,1
E/ECWA/NR/6,"","",I7701299,"","","","",1,1
E/ECWA/NR/7/REV.1,"","",I7701300,"","","","",1,1
E/ECWA/NR/7/REV.2,"","",I7701210,"","","","",1,1
E/ECWA/NR/8,"","",I7701231,"","","","",1,1
E/ECWA/NR/83/2/REV.1,I8500926,"","","","","","",1,1
E/ECWA/NR/83/6,I8300881,"","","","","","",1,1
E/ECWA/NR/84/2,"","",I8500376,"","","","",1,1
E/ECWA/NR/84/3,"","",I8400478,"","","","",1,1
E/ECWA/NR/84/6,I8400677,"","","","","","",1,1
E/ECWA/NR/85/6,"","",I8500983,"","","","",1,1
E/ECWA/NR/85/WG.4/10,I8500567,"",I8500568,"","","","",1,1
E/ECWA/NR/85/WG.4/11,I8500569,"",I8500570,"","","","",1,1
E/ECWA/NR/85/WG.4/12,I8500571,"","","","","","",1,1
E/ECWA/NR/85/WG.4/13,I8500573,"",I8500574,"","","","",1,1
E/ECWA/NR/85/WG.4/14,I8500575,"",I8500576,"","","","",1,1
E/ECWA/NR/85/WG.4/15,I8500578,"",I8500577,"","","","",1,1
E/ECWA/NR/85/WG.4/16,I8500598,"","","","","","",1,1
E/ECWA/NR/85/WG.4/17,"","",I8500600,"","","","",1,1
E/ECWA/NR/85/WG.4/3,I8500553,"",I8500554,"","","","",1,1
E/ECWA/NR/85/WG.4/4,I8500555,"",I8500556,"","","","",1,1
E/ECWA/NR/85/WG.4/5,I8500557,"",I8500558,"","","","",1,1
E/ECWA/NR/85/WG.4/6,I8500559,"",I8500560,"","","","",1,1
E/ECWA/NR/85/WG.4/7,I8500561,"",I8500562,"","","","",1,1
E/ECWA/NR/85/WG.4/8,I8500563,"",I8500564,"","","","",1,1
E/ECWA/NR/85/WG.4/9,I8500565,"",I8500566,"","","","",1,1
E/ECWA/NR/9,I7801507,"",I7701265,"","","","",1,1
E/ECWA/NR/ACAST/1,"","",I7801884,"","","","",1,1
E/ECWA/NR/CONF.1/1,"","",I760560,"","","","",1,1
E/ECWA/NR/CONF.1/10,"","",I760609,"","","","",1,1
E/ECWA/NR/CONF.1/11,I760641,"",I760640,"","","","",1,1
E/ECWA/NR/CONF.1/12,I760635,"","","","","","",1,1
E/ECWA/NR/CONF.1/1/ADD.1,I760565,"",I760561,"","","","",1,1
E/ECWA/NR/CONF.1/2,I760617,"",I7600607,"","","","",1,1
E/ECWA/NR/CONF.1/2/ADD.1,"","",I760607,"","","","",1,1
E/ECWA/NR/CONF.1/3,"","",I760600,"","","","",1,1
E/ECWA/NR/CONF.1/4,I760623,"",I760606,"","","","",1,1
E/ECWA/NR/CONF.1/5,"","",I760638,"","","","",1,1
E/ECWA/NR/CONF.1/6,"","",I760592,"","","","",1,1
E/ECWA/NR/CONF.1/7,I760622,"",I760629,"","","","",1,1
E/ECWA/NR/CONF.1/8,I760624,"",I760601,"","","","",1,1
E/ECWA/NR/CONF.1/9,I760613,"",I760608,"","","","",1,1
E/ECWA/NR/CONF.1/INF.1,"","",I760364,"","","","",1,1
E/ECWA/NR/CONF.2/1,"","",I7701348,"","","","",1,1
E/ECWA/NR/CONF.2/10,I7701501,"",I7701496,"","","","",1,1
E/ECWA/NR/CONF.2/11,I7801921,"",I7801914,"","","","",1,1
E/ECWA/NR/CONF.2/11/REV.1,I7802236,"",I7802259,"","","","",1,1
E/ECWA/NR/CONF.2/11/REV.1/ADD.1,I7802356,"",I7802357,"","","","",1,1
E/ECWA/NR/CONF.2/12,I7802244,"",I7802240,"","","","",1,1
E/ECWA/NR/CONF.2/13,I7902617,"",I7902576,"","","","",1,1
E/ECWA/NR/CONF.2/2,I7701463,"",I7701388,"","","","",1,1
E/ECWA/NR/CONF.2/3,"","",I7701449,"","","","",1,1
E/ECWA/NR/CONF.2/8,"","",I7701464,"","","","",1,1
E/ECWA/NR/CONF.2/9,I7801907,"",I7801906,"","","","",1,1
E/ECWA/NR/CONF.2/9/REV.1,I7809955,"",I7802116,"","","","",1,1
E/ECWA/NR/CONF.2/CP.1,I7801966,"",I7801952,"","","","",1,1
E/ECWA/NR/CONF.2/CP.10,I7802349,"",I7802381,"","","","",1,1
E/ECWA/NR/CONF.2/CP.10/ADD.1,I7802110,"",I7802120,"","","","",1,1
E/ECWA/NR/CONF.2/CP.11,I7802118,"",I7802119,"","","","",1,1
E/ECWA/NR/CONF.2/CP.11/ADD.1,I7802359,"","","","","","",1,1
E/ECWA/NR/CONF.2/CP.11/ADD.1/REV.1,I7902406,"",I7902404,"","","","",1,1
E/ECWA/NR/CONF.2/CP.12,I7802288,"",I7802342,"","","","",1,1
E/ECWA/NR/CONF.2/CP.12/ADD.1,I7902403,"",I7902385,"","","","",1,1
E/ECWA/NR/CONF.2/CP.13,I7902472,"",I7902480,"","","","",1,1
E/ECWA/NR/CONF.2/CP.13/ADD.1,I7902589,"",I7902590,"","","","",1,1
E/ECWA/NR/CONF.2/CP.14,I7902479,"",I7902482,"","","","",1,1
E/ECWA/NR/CONF.2/CP.1/ADD.1,I7801950,"",I7801951,"","","","",1,1
E/ECWA/NR/CONF.2/CP.1/ADD.1/REV.1,I7802351,"",I7802347,"","","","",1,1
E/ECWA/NR/CONF.2/CP.1/REV.1,I7802283,"",I7802327,"","","","",1,1
E/ECWA/NR/CONF.2/CP.2,I7801961,"",I7801957,"","","","",1,1
E/ECWA/NR/CONF.2/CP.2/ADD.1,I7802345,"",I7802311,"","","","",1,1
E/ECWA/NR/CONF.2/CP.2/ADD.1/REV.1,I7902655,"",I7902583,"","","","",1,1
E/ECWA/NR/CONF.2/CP.2/REV.1,I7902670,"",I7902582,"","","","",1,1
E/ECWA/NR/CONF.2/CP.3,I8701980,"",I7802026,"","","","",1,1
E/ECWA/NR/CONF.2/CP.3/ADD.1,I7801983,"",I7801987,"","","","",1,1
E/ECWA/NR/CONF.2/CP.4,I7802008,"",I7802099,"","","","",1,1
E/ECWA/NR/CONF.2/CP.4/ADD.1,I7802001,"",I7802100,"","","","",1,1
E/ECWA/NR/CONF.2/CP.5,I7802002,"",I7802065,"","","","",1,1
E/ECWA/NR/CONF.2/CP.5/ADD.1,I7802007,"",I7802003,"","","","",1,1
E/ECWA/NR/CONF.2/CP.6,I7802074,"",I7802073,"","","","",1,1
E/ECWA/NR/CONF.2/CP.6/ADD.1,I7802011,"",I7802005,"","","","",1,1
E/ECWA/NR/CONF.2/CP.6/ADD.1/REV.1,I7802348,"",I7802350,"","","","",1,1
E/ECWA/NR/CONF.2/CP.7,I7802028,"",I7802069,"","","","",1,1
E/ECWA/NR/CONF.2/CP.7/ADD.1,I7902405,"",I7902422,"","","","",1,1
E/ECWA/NR/CONF.2/CP.8,I7802034,"",I7802104,"","","","",1,1
E/ECWA/NR/CONF.2/CP.8/ADD.1,I7802032,"",I7802076,"","","","",1,1
E/ECWA/NR/CONF.2/CP.9,I7802111,"",I7802256,"","","","",1,1
E/ECWA/NR/CONF.2/CP.9/ADD.1,I7802112,"",I7802113,"","","","",1,1
E/ECWA/NR/CONF.2/INF.1,I7802098,"",I7802087,"","","","",1,1
E/ECWA/NR/CONF.2/INF.2,I7802117,"",I7802114,"","","","",1,1
E/ECWA/NR/CONF.2/INF.2/REV.1,I7802122,"",I7802121,"","","","",1,1
E/ECWA/NR/CONF.2/INF.3/REV.1,"","",I7701448,"","","","",1,1
E/ECWA/NR/CONF.2/L.1,"","",I7802124,"","","","",1,1
E/ECWA/NR/CONF.2/L.2,I7809954,"","","","","","",1,1
E/ECWA/NR/CONF.3/1,I7801568,"",I7801870,"","","","",1,1
E/ECWA/NR/CONF.3/10,I7802309,"",I7802306,"","","","",1,1
E/ECWA/NR/CONF.3/11,I7802343,"",I7802341,"","","","",1,1
E/ECWA/NR/CONF.3/12,I7802365,"","","","","","",1,1
E/ECWA/NR/CONF.3/13,I7902375,"",I7902374,"","","","",1,1
E/ECWA/NR/CONF.3/1/ADD.1,I7801877,"",I7801835,"","","","",1,1
E/ECWA/NR/CONF.3/1/REV.1,I7802355,"",I7802354,"","","","",1,1
E/ECWA/NR/CONF.3/1/REV.2,I7902373,"",I7902372,"","","","",1,1
E/ECWA/NR/CONF.3/2,I7801808,"",I7801821,"","","","",1,1
E/ECWA/NR/CONF.3/2,"","",I7801821,"","","","",1,1
E/ECWA/NR/CONF.3/3,"","",I7801773,"","","","",1,1
E/ECWA/NR/CONF.3/4,"","",I7801648,"","","","",1,1
E/ECWA/NR/CONF.3/5,"","",I7801664,"","","","",1,1
E/ECWA/NR/CONF.3/6,"","",I7801772,"","","","",1,1
E/ECWA/NR/CONF.3/7,"","",I7801797,"","","","",1,1
E/ECWA/NR/CONF.3/8,I7802307,"",I7802234,"","","","",1,1
E/ECWA/NR/CONF.3/9,I7802298,"",I7802297,"","","","",1,1
E/ECWA/NR/CONF.3/INF.1,I7802308,"",I7802300,"","","","",1,1
E/ECWA/NR/CONF.3/INF.2,I7802321,"",I7802296,"","","","",1,1
E/ECWA/NR/CONF.3/INF.3,I7801904,"",I7801871,"","","","",1,1
E/ECWA/NR/CONF.3/INF.3/REV.1,"","",I7902369,"","","","",1,1
E/ECWA/NR/CONF.3/L.1,I7902371,"",I7902368,"","","","",1,1
E/ECWA/NR/CONF.3/WP.1,I7801900,"",I7801882,"","","","",1,1
E/ECWA/NR/CONF.3/WP.2,I7801911,"",I7801849,"","","","",1,1
E/ECWA/NR/CONF.3/WP.2/ADD.1,I7902657,"",I7909655,"","","","",1,1
E/ECWA/NR/CONF.3/WP.3,I7809882,"",I7801823,"","","","",1,1
E/ECWA/NR/CONF.3/WP.4,I7801915,"",I7801886,"","","","",1,1
E/ECWA/NR/CONF.3/WP.5,I7801901,"",I7801837,"","","","",1,1
E/ECWA/NR/CONF.3/WP.6,I7801912,"",I7801857,"","","","",1,1
E/ECWA/NR/CTT.1/INF.2/REV.1,I7801639,"",I7801638,"","","","",1,1
E/ECWA/NR/CTT.1/L.1,I7801641,"",I7801640,"","","","",1,1
E/ECWA/NR/CTT.2/INF.1,I7802097,"",I7802086,"","","","",1,1
E/ECWA/NR/CTT.3/6,I7809864,"",I7802245,"","","","",1,1
E/ECWA/NR/CTT.3/L.1,I7809958,"","","","","","",1,1
E/ECWA/NR/CTT/1/REV.1,I7801634,"","","","","","",1,1
E/ECWA/NR/CTT/2/REV.3,I7902362,"",I7802243,"","","","",1,1
E/ECWA/NR/CTT/3,I7801677,"",I7801676,"","","","",1,1
E/ECWA/NR/CTT/4,I7802025,"",I7802024,"","","","",1,1
E/ECWA/NR/CTT/5,I7802045,"",I7802023,"","","","",1,1
E/ECWA/NR/CTT/INF.1,"","",I7801633,"","","","",1,1
E/ECWA/NR/INF.1,"","",I7701301,"","","","",1,1
E/ECWA/NR/L.1,"","",I7701214,"","","","",1,1
E/ECWA/NR/L.1/REV.1,"","",I8104474,"","","","",1,1
E/ECWA/NR/SEM.1/1,"","",I7701188,"","","","",1,1
E/ECWA/NR/SEM.1/10,"","",I7701122,"","","","",1,1
E/ECWA/NR/SEM.1/11,"","",I7701152,"","","","",1,1
E/ECWA/NR/SEM.1/12,"","",I7709948,"","","","",1,1
E/ECWA/NR/SEM.1/13,"","",I7701133,"","","","",1,1
E/ECWA/NR/SEM.1/14,"","",I7701173,"","","","",1,1
E/ECWA/NR/SEM.1/15,"","",I7701155,"","","","",1,1
E/ECWA/NR/SEM.1/16,"","",I7701174,"","","","",1,1
E/ECWA/NR/SEM.1/17,"","",I7701176,"","","","",1,1
E/ECWA/NR/SEM.1/18,"","",I7701186,"","","","",1,1
E/ECWA/NR/SEM.1/19,"","",I7701187,"","","","",1,1
E/ECWA/NR/SEM.1/1/REV.2,"","",I7701208,"","","","",1,1
E/ECWA/NR/SEM.1/2,"","",I7701085,"","","","",1,1
E/ECWA/NR/SEM.1/20,"","",I7701184,"","","","",1,1
E/ECWA/NR/SEM.1/21,"","",I7701177,"","","","",1,1
E/ECWA/NR/SEM.1/22,"","",I7701195,"","","","",1,1
E/ECWA/NR/SEM.1/23,"","",I7701197,"","","","",1,1
E/ECWA/NR/SEM.1/24,"","",I7701198,"","","","",1,1
E/ECWA/NR/SEM.1/25,"","",I7701199,"","","","",1,1
E/ECWA/NR/SEM.1/26,"","",I7701200,"","","","",1,1
E/ECWA/NR/SEM.1/27,"","",I7701201,"","","","",1,1
E/ECWA/NR/SEM.1/28,"","",I7701202,"","","","",1,1
E/ECWA/NR/SEM.1/29,"","",I7701203,"","","","",1,1
E/ECWA/NR/SEM.1/3,"","",I7701091,"","","","",1,1
E/ECWA/NR/SEM.1/30,"","",I7701204,"","","","",1,1
E/ECWA/NR/SEM.1/31,"","",I7701205,"","","","",1,1
E/ECWA/NR/SEM.1/32,"","",I7701206,"","","","",1,1
E/ECWA/NR/SEM.1/33,"","",I7701207,"","","","",1,1
E/ECWA/NR/SEM.1/4,"","",I7701123,"","","","",1,1
E/ECWA/NR/SEM.1/5,"","",I7701101,"","","","",1,1
E/ECWA/NR/SEM.1/6,"","",I7701099,"","","","",1,1
E/ECWA/NR/SEM.1/7,"","",I7701096,"","","","",1,1
E/ECWA/NR/SEM.1/8,"","",I7701100,"","","","",1,1
E/ECWA/NR/SEM.1/9,"","",I7701134,"","","","",1,1
E/ECWA/NR/SEM.1/INF.1,"","",I7701196,"","","","",1,1
E/ECWA/NR/SEM.1/INF.1/REV.2,"","",I7701209,"","","","",1,1
E/ECWA/NR/SEM.2/12,"","","",I8003003,"","","",1,1
E/ECWA/NR/SEM.2/13,I8002996,"",I8003026,"","","","",1,1
E/ECWA/NR/SEM.2/14,I8003098,"",I8002980,"","","","",1,1
E/ECWA/NR/SEM.2/15,I8002997,"",I8003016,"","","","",1,1
E/ECWA/NR/SEM.2/16,I8003002,"","","","","","",1,1
E/ECWA/NR/SEM.2/17/ADD.1,"","",I8003025,I8003031,"","","",1,1
E/ECWA/NR/SEM.2/18,I8003097,"","","","","","",1,1
E/ECWA/NR/SEM.2/2,"","","",I8002921,"","","",1,1
E/ECWA/NR/SEM.2/20,I8003160,"","","","","","",1,1
E/ECWA/NR/SEM.2/21,I8003892,"","","","","","",1,1
E/ECWA/NR/SEM.2/22,I8003087,"","","","","","",1,1
E/ECWA/NR/SEM.2/23,I8003099,"","","","","","",1,1
E/ECWA/NR/SEM.2/24,"","","",I8003022,"","","",1,1
E/ECWA/NR/SEM.2/25,I8003156,"","",I8003024,"","","",1,1
E/ECWA/NR/SEM.2/26/REV.1,I8003164,"",I8003064,"","","","",1,1
E/ECWA/NR/SEM.2/27,I8003158,"",I8003028,"","","","",1,1
E/ECWA/NR/SEM.2/28,I8003037,"","","","","","",1,1
E/ECWA/NR/SEM.2/5,"","",I8002960,"","","","",1,1
E/ECWA/NR/SEM.2/6,"","",I8002983,"","","","",1,1
E/ECWA/NR/SEM.2/7,I8002984,"","","","","","",1,1
E/ECWA/NR/SEM.2/BP.3,"","",I8003000,"","","","",1,1
E/ECWA/NR/SEM.2/BP.5,I8003941,"","","","","","",1,1
E/ECWA/NR/SEM.2/BP.7,I8003045,"","","","","","",1,1
E/ECWA/NR/SEM.2/INF.1,"","",I8003008,"","","","",1,1
E/ECWA/NR/SEM.2/INF.2,I8003015,"","","","","","",1,1
E/ECWA/NR/SEM.2/INF.2/REV.2,"","",I8003819,"","","","",1,1
E/ECWA/NR/SEM.2/INF.3/REV.1,"","",I8003048,"","","","",1,1
E/ECWA/NR/SEM.2/INF.4/REV.1,I8003041,"",I8003040,"","","","",1,1
E/ECWA/NR/SEM.3/1,"","",I8103969,"","","","",1,1
E/ECWA/NR/SEM.3/10,I8104139,"",I8103965,"","","","",1,1
E/ECWA/NR/SEM.3/11,I8104170,"",I8103986,"","","","",1,1
E/ECWA/NR/SEM.3/12,I8104499,"",I8104221,"","","","",1,1
E/ECWA/NR/SEM.3/13,I8104419,"",I8104268,"","","","",1,1
E/ECWA/NR/SEM.3/14,"","",I8104265,"","","","",1,1
E/ECWA/NR/SEM.3/15,I8104473,"",I8104426,"","","","",1,1
E/ECWA/NR/SEM.3/16,"","",I8104314,"","","","",1,1
E/ECWA/NR/SEM.3/17,"","",I8104317,"","","","",1,1
E/ECWA/NR/SEM.3/18,"","",I8104316,"","","","",1,1
E/ECWA/NR/SEM.3/19,"","",I8104315,"","","","",1,1
E/ECWA/NR/SEM.3/2,I8104969,"",I8104331,I8103889,"","","",1,1
E/ECWA/NR/SEM.3/20,I8104500,"",I8104418,"","","","",1,1
E/ECWA/NR/SEM.3/21,"","",I8104502,"","","","",1,1
E/ECWA/NR/SEM.3/22,"","",I8109567,"","","","",1,1
E/ECWA/NR/SEM.3/23,"","",I8200073,"","","","",1,1
E/ECWA/NR/SEM.3/24,"","",I8109566,"","","","",1,1
E/ECWA/NR/SEM.3/3,I8104183,"",I8103890,"","","","",1,1
E/ECWA/NR/SEM.3/4,I8104152,"",I8103888,"","","","",1,1
E/ECWA/NR/SEM.3/5,I8104432,"",I8103942,"","","","",1,1
E/ECWA/NR/SEM.3/6,I8104409,"",I8103913,"","","","",1,1
E/ECWA/NR/SEM.3/7,I8104200,"",I8103943,"","","","",1,1
E/ECWA/NR/SEM.3/8,I8200014,"",I8104523,I8103967,"","","",1,1
E/ECWA/NR/SEM.3/9,"","",I8103962,"","","","",1,1
E/ECWA/NR/SEM.3/B.P.5,"","",I8104266,"","","","",1,1
E/ECWA/NR/SEM.3/INF.1,"","",I8109577,"","","","",1,1
E/ECWA/NR/SEM.3/INF.2,"","",I8109674,"","","","",1,1
E/ECWA/NR/SEM.3/INF.3,"","",I8109678,"","","","",1,1
E/ECWA/NR/SEM.3/INF.4/REV.1,"","",I8109680,"","","","",1,1
E/ECWA/NR/WG.1/1/ADD.1,I8103626,"",I8103619,"","","","",1,1
E/ECWA/NR/WG.1/1/REV.1,I8103638,"",I8103636,"","","","",1,1
E/ECWA/NR/WG.1/2,"","",I8003595,"","","","",1,1
E/ECWA/NR/WG.1/2/REV.1,"","",I8103817,"","","","",1,1
E/ECWA/NR/WG.1/3,"","",I8109688,"","","","",1,1
E/ECWA/NR/WG.1/3/ADD.1,"","",I8109984,"","","","",1,1
E/ECWA/NR/WG.1/4,"","",I8109993,"","","","",1,1
E/ECWA/NR/WG.1/4/ADD.1,"","",I8103603,"","","","",1,1
E/ECWA/NR/WG.1/5,"","",I8103597,"","","","",1,1
E/ECWA/NR/WG.1/5/ADD.1,"","",I8809969,"","","","",1,1
E/ECWA/NR/WG.1/6,"","",I8003483,"","","","",1,1
E/ECWA/NR/WG.1/6/ADD.1,"","",I8103614,"","","","",1,1
E/ECWA/NR/WG.1/7,I8103622,"",I8003536,"","","","",1,1
E/ECWA/NR/WG.1/8,"","",I8103653,"","","","",1,1
E/ECWA/NR/WG.1/INF.1/REV.1,I8103652,"",I8103633,"","","","",1,1
E/ECWA/NR/WG.1/INF.2/REV.2,I8103690,"",I8103673,"","","","",1,1
E/ECWA/POP.CON.I/SP.11/A,I7401819,"","","","","","",1,1
E/ECWA/POP.CON.I/UP.1/E,"","",I7401815,"","","","",1,1
E/ECWA/POP.CON.I/UP.2/E,"","",I7401812,"","","","",1,1
E/ECWA/POP.CON.I/UP.5/F,"","","",I7401825,"","","",1,1
E/ECWA/POP.CON.I/UP.6/E,"","",I7401826,"","","","",1,1
E/ECWA/POP.CON.I/UP.7/E,"","",I7401827,"","","","",1,1
E/ECWA/POP.CON.I/UP.8/E,"","",I7402618,"","","","",1,1
E/ECWA/POP.CON.I/WP.12/E,"","",I7401612,"","","","",1,1
E/ECWA/POP.CON.I/WP.13/F,"","","",I7401613,"","","",1,1
E/ECWA/POP.CON.I/WP.14/E,"","",I7401614,"","","","",1,1
E/ECWA/POP.CON.I/WP.15/E,"","",I7401615,"","","","",1,1
E/ECWA/POP.CON.I/WP.17/F,"","","",I7401617,"","","",1,1
E/ECWA/POP.CON.I/WP.19/E,"","",I7401619,"","","","",1,1
E/ECWA/POP.CON.I/WP.9/E,"","",I7401629,"","","","",1,1
E/ECWA/POP/1974/7,I7400039,"",I7400020,"","","","",1,1
E/ECWA/POP/1975/8,I7500003,"",I7500001,"","","","",1,1
E/ECWA/POP/1975/9,"","",I7500004,"","","","",1,1
E/ECWA/POP/1976,I7600000,"",I7600001,"","","","",1,1
E/ECWA/POP/1977/12,I7700012,"","","","","","",1,1
E/ECWA/POP/1977/13,I7700013,"","","","","","",1,1
E/ECWA/POP/1978/14,I7800014,"","","","","﻿","",1,1
E/ECWA/POP/1978/15,I7800015,"","","","","","",1,1
E/ECWA/POP/1979/16,I7900016,"","","","","","",1,1
E/ECWA/POP/1979/17,I7900017,"","","","","","",1,1
E/ECWA/POP/1980/18,I8000018,"",I8000017,"","","","",1,1
E/ECWA/POP/1980/19,I8000019,"",I8000016,"","","","",1,1
E/ECWA/POP/1981/20,I8100020,"",I8100022,"","","","",1,1
E/ECWA/POP/1981/21,I8100021,"",I8100023,"","","","",1,1
E/ECWA/POP/1982/,I8200023,"",I8200003,"","","","",1,1
E/ECWA/POP/1984/24,I8400027,"",I8400024,"","","","",1,1
E/ECWA/POP/1984/25,I8401008,"",I8400902,"","","","",1,1
E/ECWA/POP/85/1,I8500375,"","","","","","",1,1
E/ECWA/POP/CONF.2/1,I7501543,"",I7501473,"","","","",1,1
E/ECWA/POP/CONF.2/10,"","",I7502540,"","","","",1,1
E/ECWA/POP/CONF.2/11,I7502788,"",I7502789,"","","","",1,1
E/ECWA/POP/CONF.2/2,I7501855,"",I7501845,"","","","",1,1
E/ECWA/POP/CONF.2/3,I7502088,"",I7501411,"","","","",1,1
E/ECWA/POP/CONF.2/4,I7501876,"",I7501492,"","","","",1,1
E/ECWA/POP/CONF.2/5,I7502116,"",I7501815,"","","","",1,1
E/ECWA/POP/CONF.2/7,I7501823,"",I7501822,"","","","",1,1
E/ECWA/POP/CONF.2/8,I7501880,"",I7501830,"","","","",1,1
E/ECWA/POP/CONF.2/8/ADD.1,I7501890,"",I7501840,"","","","",1,1
E/ECWA/POP/CONF.2/8/ADD.2,I7502090,"",I7501860,"","","","",1,1
E/ECWA/POP/CONF.2/8/ADD.3,I7502100,"",I7501900,"","","","",1,1
E/ECWA/POP/CONF.2/8/ADD.4,I7502130,"",I7502120,"","","","",1,1
E/ECWA/POP/CONF.2/8/ADD.5,"","",I7502140,"","","","",1,1
E/ECWA/POP/CONF.2/9,I7502520,"",I7502800,"","","","",1,1
E/ECWA/POP/CONF.2/INF.2/REV.1,I7502780,"","","","","","",1,1
E/ECWA/POP/CONF.2/INF.3,I7503720,"","","","","","",1,1
E/ECWA/POP/CONF.3/1,I7902685,"",I7902688,"","","","",1,1
E/ECWA/POP/CONF.3/2/REV.1,I7902903,"",I8003086,"","","","",1,1
E/ECWA/POP/CONF.3/INF.1/REV.2,I7902811,"",I7902812,"","","","",1,1
E/ECWA/POP/CONF.3/INF.2,I7909567,"",I7902846,"","","","",1,1
E/ECWA/POP/CONF.3/INF.3,I7902848,"",I7902849,"","","","",1,1
E/ECWA/POP/CONF.3/WP.1,I7902794,"",I7902728,"","","","",1,1
E/ECWA/POP/CONF.3/WP.10,I7902820,"",I7902847,"","","","",1,1
E/ECWA/POP/CONF.3/WP.11,I8003077,"",I7902852,"","","","",1,1
E/ECWA/POP/CONF.3/WP.12,I8003293,"",I8009998,"","","","",1,1
E/ECWA/POP/CONF.3/WP.13,I8003276,"",I8003445,"","","","",1,1
E/ECWA/POP/CONF.3/WP.14,I8003338,"",I8003391,"","","","",1,1
E/ECWA/POP/CONF.3/WP.15,I8003067,"",I8003335,"","","","",1,1
E/ECWA/POP/CONF.3/WP.16,I8003511,"",I8003371,"","","","",1,1
E/ECWA/POP/CONF.3/WP.2,I8009485,"",I7902749,"","","","",1,1
E/ECWA/POP/CONF.3/WP.3,I7902795,"",I7902751,"","","","",1,1
E/ECWA/POP/CONF.3/WP.4,I7902802,"",I7902790,"","","","",1,1
E/ECWA/POP/CONF.3/WP.5,I7902825,"",I7902797,"","","","",1,1
E/ECWA/POP/CONF.3/WP.6,I7902822,"",I7902796,"","","","",1,1
E/ECWA/POP/CONF.3/WP.7,I7902800,"",I7902805,"","","","",1,1
E/ECWA/POP/CONF.3/WP.8,I7902806,"",I7902824,"","","","",1,1
E/ECWA/POP/CONF.3/WP.9,I7902818,"",I7902808,"","","","",1,1
E/ECWA/POP/CONF.4/1,I8103679,"",I8103671,"","","","",1,1
E/ECWA/POP/CONF.4/INF.1/REV.1,I8104455,"",I8104458,"","","","",1,1
E/ECWA/POP/CONF.4/INF.2,I8104380,"",I814374,"","","","",1,1
E/ECWA/POP/CONF.4/INF.3,I8104374,"",I8104373,"","","","",1,1
E/ECWA/POP/CONF.4/INF.4,I8104425,"",I8104437,"","","","",1,1
E/ECWA/POP/CONF.4/INF.5,I8104449,"",I8104429,"","","","",1,1
E/ECWA/POP/CONF.4/WP.1,I8103707,"",I8003577,"","","","",1,1
E/ECWA/POP/CONF.4/WP.10,I8103859,"",I8104013,"","","","",1,1
E/ECWA/POP/CONF.4/WP.11,I8103841,"",I8103750,"","","","",1,1
E/ECWA/POP/CONF.4/WP.12,I8103910,"",I8103911,"","","","",1,1
E/ECWA/POP/CONF.4/WP.13,I8103813,"",I8103789,"","","","",1,1
E/ECWA/POP/CONF.4/WP.14,I8103909,"",I8103809,"","","","",1,1
E/ECWA/POP/CONF.4/WP.15,I8103762,"",I8103987,"","","","",1,1
E/ECWA/POP/CONF.4/WP.16,I8103935,"",I8109986,"","","","",1,1
E/ECWA/POP/CONF.4/WP.17,I8105679,"","","","","","",1,1
E/ECWA/POP/CONF.4/WP.18,I8103981,"",I8103878,"","","","",1,1
E/ECWA/POP/CONF.4/WP.19,I8103903,"","","","","","",1,1
E/ECWA/POP/CONF.4/WP.2,I8003514,"",I8103672,"","","","",1,1
E/ECWA/POP/CONF.4/WP.20,I8104040,"",I8103908,"","","","",1,1
E/ECWA/POP/CONF.4/WP.21,"","",I8104045,"","","","",1,1
E/ECWA/POP/CONF.4/WP.22,"","",I8103930,"","","","",1,1
E/ECWA/POP/CONF.4/WP.24,I8104052,"","","","","","",1,1
E/ECWA/POP/CONF.4/WP.25,"","",I8103952,"","","","",1,1
E/ECWA/POP/CONF.4/WP.26,"","",I8103968,"","","","",1,1
E/ECWA/POP/CONF.4/WP.27,I8104329,"",I8104465,"","","","",1,1
E/ECWA/POP/CONF.4/WP.28,"","",I8104216,"","","","",1,1
E/ECWA/POP/CONF.4/WP.29,I8104242,"",I8104186,"","","","",1,1
E/ECWA/POP/CONF.4/WP.3,"","",I8103793,"","","","",1,1
E/ECWA/POP/CONF.4/WP.30,"","",I8104189,"","","","",1,1
E/ECWA/POP/CONF.4/WP.31,I8104195,"",I8104339,"","","","",1,1
E/ECWA/POP/CONF.4/WP.32,"","",I8104220,"","","","",1,1
E/ECWA/POP/CONF.4/WP.33,I8104248,"",I8104146,"","","","",1,1
E/ECWA/POP/CONF.4/WP.34,I8104287,"",I8104181,"","","","",1,1
E/ECWA/POP/CONF.4/WP.35,I8104368,"",I8104236,"","","","",1,1
E/ECWA/POP/CONF.4/WP.4,I8103950,"",I8104048,"","","","",1,1
E/ECWA/POP/CONF.4/WP.5,I8103708,"","","","","","",1,1
E/ECWA/POP/CONF.4/WP.6,I8103726,"",I8104336,"","","","",1,1
E/ECWA/POP/CONF.4/WP.7,"","",I8103735,"","","","",1,1
E/ECWA/POP/CONF.4/WP.8,I8103994,"",I8103724,"","","","",1,1
E/ECWA/POP/CONF.4/WP.9,I8103979,"",I8103768,"","","","",1,1
E/ECWA/POP/CONF.5/10,I8405697,"","","","","","",1,1
E/ECWA/POP/CONF.5/11,I8405681,"","","","","","",1,1
E/ECWA/POP/CONF.5/12,I8405682,"","","","","","",1,1
E/ECWA/POP/CONF.5/12/ADD.1,I8405683,"","","","","","",1,1
E/ECWA/POP/CONF.5/13,I8405684,"","","","","","",1,1
E/ECWA/POP/CONF.5/14,I8400374,"",I8400407,"","","","",1,1
E/ECWA/POP/CONF.5/15,I8400250,"",I8400405,"","","","",1,1
E/ECWA/POP/CONF.5/2,I8409782,"","","","","","",1,1
E/ECWA/POP/CONF.5/3,I8409783,"","","","","","",1,1
E/ECWA/POP/CONF.5/4,I8409784,"","","","","","",1,1
E/ECWA/POP/CONF.5/5,I8409785,"","","","","","",1,1
E/ECWA/POP/CONF.5/6,I8409786,"","","","","","",1,1
E/ECWA/POP/CONF.5/7,I8409787,"","","","","","",1,1
E/ECWA/POP/CONF.5/8,"","",I8409788,"","","","",1,1
E/ECWA/POP/CONF.5/9,I8409789,"","","","","","",1,1
E/ECWA/POP/CONF.5/CRP.1,I8405685,"","","","","","",1,1
E/ECWA/POP/CONF.5/CRP.10,I8405694,"","","","","","",1,1
E/ECWA/POP/CONF.5/CRP.11,I8405695,"","","","","","",1,1
E/ECWA/POP/CONF.5/CRP.12,I8405671,"","","","","","",1,1
E/ECWA/POP/CONF.5/CRP.13,I8405696,"","","","","","",1,1
E/ECWA/POP/CONF.5/CRP.14,I8405672,"","","","","","",1,1
E/ECWA/POP/CONF.5/CRP.15,"","",I8405673,"","","","",1,1
E/ECWA/POP/CONF.5/CRP.16,"","",I8405674,"","","","",1,1
E/ECWA/POP/CONF.5/CRP.17,I8405675,"","","","","","",1,1
E/ECWA/POP/CONF.5/CRP.18,I8405676,"","","","","","",1,1
E/ECWA/POP/CONF.5/CRP.2,"","",I8405686,"","","","",1,1
E/ECWA/POP/CONF.5/CRP.3,"","",I8405687,"","","","",1,1
E/ECWA/POP/CONF.5/CRP.4,I8405688,"","","","","","",1,1
E/ECWA/POP/CONF.5/CRP.5,I8405689,"","","","","","",1,1
E/ECWA/POP/CONF.5/CRP.6,I8405690,"","","","","","",1,1
E/ECWA/POP/CONF.5/CRP.7,I8405691,"","","","","","",1,1
E/ECWA/POP/CONF.5/CRP.8,I8405692,"","","","","","",1,1
E/ECWA/POP/CONF.5/CRP.9,I8405693,"","","","","","",1,1
E/ECWA/POP/CONF.5/INF.15,I8400375,"",I8400406,"","","","",1,1
E/ECWA/POP/CONF.5/INF.16,I8400376,"",I8400437,"","","","",1,1
E/ECWA/POP/CONF.5/INF.2,I8405677,"","","","","","",1,1
E/ECWA/POP/CON.I/1/E/REV.1,"","",I7401573,"","","","",1,1
E/ECWA/POP/WG.12/1,I7802273,"",I7802276,"","","","",1,1
E/ECWA/POP/WG.12/1/REV.1,"","",I8009766,"","","","",1,1
E/ECWA/POP/WG.12/2,I7902470,"",I7902620,"","","","",1,1
E/ECWA/POP/WG.12/BP.1,I7802252,"",I7802134,"","","","",1,1
E/ECWA/POP/WG.12/BP.10,I7802278,"",I7802261,"","","","",1,1
E/ECWA/POP/WG.12/BP.11,I7802271,"",I7802262,"","","","",1,1
E/ECWA/POP/WG.12/BP.12,I7802272,"",I7902425,"","","","",1,1
E/ECWA/POP/WG.12/BP.13,I7902389,"",I7802344,"","","","",1,1
E/ECWA/POP/WG.12/BP.14,I7902442,"",I7802317,"","","","",1,1
E/ECWA/POP/WG.12/BP.15,I8706894,"",I7902407,"","","","",1,1
E/ECWA/POP/WG.12/BP.16,I7902424,"",I7802332,"","","","",1,1
E/ECWA/POP/WG.12/BP.17,I7902399,"",I7802316,"","","","",1,1
E/ECWA/POP/WG.12/BP.18,I7902402,"",I7802312,"","","","",1,1
E/ECWA/POP/WG.12/BP.19,I7902656,"",I7902466,"","","","",1,1
E/ECWA/POP/WG.12/BP.2,I7802233,"",I7802251,"","","","",1,1
E/ECWA/POP/WG.12/BP.3,I7802277,"",I7802235,"","","","",1,1
E/ECWA/POP/WG.12/BP.4,I7802239,"",I7802253,"","","","",1,1
E/ECWA/POP/WG.12/BP.5,I7802254,"",I7902376,"","","","",1,1
E/ECWA/POP/WG.12/BP.6,I7802264,"",I7802241,"","","","",1,1
E/ECWA/POP/WG.12/BP.7,I7802257,"",I7802250,"","","","",1,1
E/ECWA/POP/WG.12/BP.8,I7802260,"",I7802242,"","","","",1,1
E/ECWA/POP/WG.12/BP.9,I7802279,"",I7802258,"","","","",1,1
E/ECWA/POP/WG.12/INF.2,I7802274,"",I7802275,"","","","",1,1
E/ECWA/POP/WG.12/INF.2/REV.1,"","",I8009762,"","","","",1,1
E/ECWA/POP/WG.12/INF.3,I7809527,"",I7809528,"","","","",1,1
E/ECWA/POP/WG.13/10,I8009627,"",I8009625,"","","","",1,1
E/ECWA/POP/WG.13/14,I8009588,"",I8009589,"","","","",1,1
E/ECWA/POP/WG.13/15,I8009647,"",I8009646,"","","","",1,1
E/ECWA/POP/WG.13/16,I8003284,"",I8009582,"","","","",1,1
E/ECWA/POP/WG.13/17,I8009649,"",I8003303,"","","","",1,1
E/ECWA/POP/WG.13/18,I8003275,"",I8003250,"","","","",1,1
E/ECWA/POP/WG.13/1/REV.3,"","",I8009767,"","","","",1,1
E/ECWA/POP/WG.13/2,I8009127,"",I8009126,"","","","",1,1
E/ECWA/POP/WG.13/20,I8003265,"",I8009239,"","","","",1,1
E/ECWA/POP/WG.13/21,I8003274,"","","","","","",1,1
E/ECWA/POP/WG.13/22,I8003279,"",I8009574,"","","","",1,1
E/ECWA/POP/WG.13/23,I8003286,"",I8003559,"","","","",1,1
E/ECWA/POP/WG.13/25,I8009489,"",I8003325,"","","","",1,1
E/ECWA/POP/WG.13/26,I8009486,"",I8003481,"","","","",1,1
E/ECWA/POP/WG.13/28,I8009477,"",I8003471,"","","","",1,1
E/ECWA/POP/WG.13/29,I8009473,"",I8009475,"","","","",1,1
E/ECWA/POP/WG.13/3,I8009248,"",I8003248,"","","","",1,1
E/ECWA/POP/WG.13/30,I8009914,"",I8009913,"","","","",1,1
E/ECWA/POP/WG.13/31,I8009752,"",I8003243,"","","","",1,1
E/ECWA/POP/WG.13/34,I8003306,"",I8003506,"","","","",1,1
E/ECWA/POP/WG.13/35,I8003273,"",I8003249,"","","","",1,1
E/ECWA/POP/WG.13/37,I8003264,"",I8009279,"","","","",1,1
E/ECWA/POP/WG.13/4,I8009567,"",I8003566,"","","","",1,1
E/ECWA/POP/WG.13/5,I8003277,"",I8009238,"","","","",1,1
E/ECWA/POP/WG.13/6,I8009272,"",I8009276,"","","","",1,1
E/ECWA/POP/WG.13/7,I8009539,"",I8009547,"","","","",1,1
E/ECWA/POP/WG.13/8,I8003244,"",I8009544,"","","","",1,1
E/ECWA/POP/WG.13/9,I8003261,"",I8003415,"","","","",1,1
E/ECWA/POP/WG.13/INF.1,I7902692,"","","","","","",1,1
E/ECWA/POP/WG.13/INF.2/REV.1,"","",I8009764,"","","","",1,1
E/ECWA/POP/WG.2/10,I7400090,"","","","","","",1,1
E/ECWA/POP/WG.2/11,"","",I7400091,"","","","",1,1
E/ECWA/POP/WG.2/12,I7401023,"","",I7401244,"","","",1,1
E/ECWA/POP/WG.2/14,"","",I7401104,I7401064,"","","",1,1
E/ECWA/POP/WG.2/15,"","",I7401877,"","","","",1,1
E/ECWA/POP/WG.2/16,"","",I7401088,"","","","",1,1
E/ECWA/POP/WG.2/17,"","",I7401099,"","","","",1,1
E/ECWA/POP/WG.2/18,I7401118,"","","","","","",1,1
E/ECWA/POP/WG.2/19,"","",I7401128,"","","","",1,1
E/ECWA/POP/WG.2/1/REV.1,"","",I7401002,"","","","",1,1
E/ECWA/POP/WG.2/2,"","",I7401333,"","","","",1,1
E/ECWA/POP/WG.2/20,"","",I7401139,"","","","",1,1
E/ECWA/POP/WG.2/21,"","",I7401148,"","","","",1,1
E/ECWA/POP/WG.2/22,I7401169,"",I7401159,"","","","",1,1
E/ECWA/POP/WG.2/24,I7401188,"","","","","","",1,1
E/ECWA/POP/WG.2/25,I7401195,"","","","","","",1,1
E/ECWA/POP/WG.2/26,"","",I7401206,"","","","",1,1
E/ECWA/POP/WG.2/27,"","",I7401217,"","","","",1,1
E/ECWA/POP/WG.2/28,I7401228,"","","","","","",1,1
E/ECWA/POP/WG.2/29,I7401239,"","","","","","",1,1
E/ECWA/POP/WG.2/3,"","",I7400081,"","","","",1,1
E/ECWA/POP/WG.2/30,"","",I7401388,"","","","",1,1
E/ECWA/POP/WG.2/6,"","",I7406281,"","","","",1,1
E/ECWA/POP/WG.2/7,"","",I7400087,"","","","",1,1
E/ECWA/POP/WG.2/8,"","",I7400088,"","","","",1,1
E/ECWA/POP/WG.2/9,I7401019,"",I7400095,I7400089,"","","",1,1
E/ECWA/POP/WG.2/INF.1,"","",I7400097,"","","","",1,1
E/ECWA/POP/WG.2/INF.2,"","",I7400098,"","","","",1,1
E/ECWA/POP/WG.2/INF.3,"","",I7400099,"","","","",1,1
E/ECWA/POP/WG.2/L.1,"","",I7401256,"","","","",1,1
E/ECWA/POP/WG.5/1,I7504288,"",I7504277,"","","","",1,1
E/ECWA/POP/WG.5/10,I7609888,"","","","","","",1,1
E/ECWA/POP/WG.5/11,I7609863,"","","","","","",1,1
E/ECWA/POP/WG.5/12,I7609866,"","","","","","",1,1
E/ECWA/POP/WG.5/13,I7609862,"","","","","","",1,1
E/ECWA/POP/WG.5/15,I7609879,"","","","","","",1,1
E/ECWA/POP/WG.5/16,I7609979,"","","","","","",1,1
E/ECWA/POP/WG.5/18,I7609478,"","","","","","",1,1
E/ECWA/POP/WG.5/19,I7609929,"","","","","","",1,1
E/ECWA/POP/WG.5/2,I7506499,"",I7506498,"","","","",1,1
E/ECWA/POP/WG.5/20,I7609472,"","","","","","",1,1
E/ECWA/POP/WG.5/21,"","",I7609465,"","","","",1,1
E/ECWA/POP/WG.5/21/REV.1,I7604619,"","","","","","",1,1
E/ECWA/POP/WG.5/3,I7507095,"",I7507096,"","","","",1,1
E/ECWA/POP/WG.5/4,I7507267,"",I7507265,"","","","",1,1
E/ECWA/POP/WG.5/5,I7507269,"","","","","","",1,1
E/ECWA/POP/WG.5/7,I7507491,"",I7507490,"","","","",1,1
E/ECWA/POP/WG.5/8,I7507492,"",I7507493,"","","","",1,1
E/ECWA/POP/WG.5/9,I7605997,"",I7605996,"","","","",1,1
E/ECWA/POP/WG.5/INF.1,"","",I7605896,"","","","",1,1
E/ECWA/POP/WG.5/INF.3,"","",I7605899,"","","","",1,1
E/ECWA/POP/WG.6/1,I7609684,"",I7609685,"","","","",1,1
E/ECWA/POP/WG.6/10,"","",I7606194,"","","","",1,1
E/ECWA/POP/WG.6/10/ADD.1,I7606679,"","","","","","",1,1
E/ECWA/POP/WG.6/11,I7609162,"",I7609163,"","","","",1,1
E/ECWA/POP/WG.6/12,"","",I7606579,"","","","",1,1
E/ECWA/POP/WG.6/16,I7606574,"",I7606575,"","","","",1,1
E/ECWA/POP/WG.6/17,I7606572,"","","","","","",1,1
E/ECWA/POP/WG.6/18,I7606577,"",I7606576,"","","","",1,1
E/ECWA/POP/WG.6/19,I7606588,"",I7606589,"","","","",1,1
E/ECWA/POP/WG.6/2,I7609678,"",I7609679,"","","","",1,1
E/ECWA/POP/WG.6/3,I7609823,"",I7609822,"","","","",1,1
E/ECWA/POP/WG.6/4,I7606459,"",I7606458,"","","","",1,1
E/ECWA/POP/WG.6/5,I7606488,"",I7606489,"","","","",1,1
E/ECWA/POP/WG.6/6,I7606486,"",I7606485,"","","","",1,1
E/ECWA/POP/WG.6/7,I7606484,"",I7606483,"","","","",1,1
E/ECWA/POP/WG.6/8,I7606689,"","","","","","",1,1
E/ECWA/POP/WG.6/9,I7606682,"",I7606681,"","","","",1,1
E/ECWA/POP/WG.7/1,I770940,"","","","","","",1,1
E/ECWA/POP/WG.9/1,I7701422,"",I7701423,"","","","",1,1
E/ECWA/POP/WG.9/2,I7801567,"",I7801539,"","","","",1,1
E/ECWA/POP/WG.9/BP.1,I7701419,"",I7701410,"","","","",1,1
E/ECWA/POP/WG.9/BP.11,I7801612,"","","","","","",1,1
E/ECWA/POP/WG.9/BP.11/ADD.1,I7801846,"",I7701434,"","","","",1,1
E/ECWA/POP/WG.9/BP.12,I7701433,"",I7801827,"","","","",1,1
E/ECWA/POP/WG.9/BP.13,I7801739,"",I7701427,"","","","",1,1
E/ECWA/POP/WG.9/BP.14,I7801856,"",I7701442,"","","","",1,1
E/ECWA/POP/WG.9/BP.1/ADD.1,I7701430,"",I7701446,"","","","",1,1
E/ECWA/POP/WG.9/BP.2,I7701377,"",I7701326,"","","","",1,1
E/ECWA/POP/WG.9/BP.3,I7701317,"",I7701345,"","","","",1,1
E/ECWA/POP/WG.9/BP.4,I7701557,"",I7701325,"","","","",1,1
E/ECWA/POP/WG.9/BP.5,I7701351,"",I7701392,"","","","",1,1
E/ECWA/POP/WG.9/BP.6,I7701358,"",I7701425,"","","","",1,1
E/ECWA/POP/WG.9/BP.7,I7701398,"",I7701418,"","","","",1,1
E/ECWA/POP/WG.9/BP.8,I7701443,"","","","","","",1,1
E/ECWA/POP/WG.9/BP.9,I7701432,"",I7801543,"","","","",1,1
E/ECWA/POP/WG.9/CP.1,I7701342,"",I7701370,"","","","",1,1
E/ECWA/POP/WG.9/CP.10,I7701428,"",I7801511,"","","","",1,1
E/ECWA/POP/WG.9/CP.11,I7701431,"",I7801618,"","","","",1,1
E/ECWA/POP/WG.9/CP.12,I7701429,"",I7801554,"","","","",1,1
E/ECWA/POP/WG.9/CP.2,I7701346,"",I7701406,"","","","",1,1
E/ECWA/POP/WG.9/CP.3,I7701355,"",I7701403,"","","","",1,1
E/ECWA/POP/WG.9/CP.4,I7701359,"",I7701407,"","","","",1,1
E/ECWA/POP/WG.9/CP.5,I7701378,"",I7701409,"","","","",1,1
E/ECWA/POP/WG.9/CP.6,I7701382,"",I7701395,"","","","",1,1
E/ECWA/POP/WG.9/CP.7,I7701393,"",I7701420,"","","","",1,1
E/ECWA/POP/WG.9/CP.8,I7701404,"",I7701424,"","","","",1,1
E/ECWA/POP/WG.9/CP.9,I7701421,"",I7701445,"","","","",1,1
E/ECWA/POP/WG.9/INF.1,I7708517,"",I7701412,"","","","",1,1
E/ECWA/POP/WG.9/INF.2,I7701415,"",I7701416,"","","","",1,1
E/ECWA/POP/WG.9/L.1/ADD.1,I7701447,"",I7701444,"","","","",1,1
E/ECWA/POP/WP.1,I7609786,"","","","","","",1,1
E/ECWA/POP/WP.2(SUMMARY),I7801585,"","","","","","",1,1
E/ECWA/PPCU/T/2A,"","",I8104518,"","","","",1,1
E/ECWA/SDHS/82/1,"","",I8200052,"","","","",1,1
E/ECWA/SDHS/82/5,"","",I8200126,"","","","",1,1
E/ECWA/SDHS/AC.1/L.1,"","",I7400080,"","","","",1,1
E/ECWA/SDHS/CONF.2/1,"","",I7801814,"","","","",1,1
E/ECWA/SDHS/CONF.2/2,I7801815,"","","","","","",1,1
E/ECWA/SDHS/CONF.2/7,I7801866,"","","","","","",1,1
E/ECWA/SDHS/CONF.3/12,I8003042,"","","","","","",1,1
E/ECWA/SDHS/CONF.3/9,I7902783,"","","","","","",1,1
E/ECWA/SDHS/CONF.4/2,I7902760,"","","","","","",1,1
E/ECWA/SDHS/CONF.4/INF.1,I7902758,"",I7902762,"","","","",1,1
E/ECWA/SDHS/CONF.4/INF.2,I7902861,"",I7902862,"","","","",1,1
E/ECWA/SDHS/CONF.4/INF.3,I7902860,"",I7902863,"","","","",1,1
E/ECWA/SDHS/CONF.4/INF.3/REV.1,I7902880,"","","","","","",1,1
E/ECWA/SDHS/L/9,"","",I8103677,"","","","",1,1
E/ECWA/SDHS/WG.10/1,I7801685,"","","","","","",1,1
E/ECWA/SDHS/WG.10/2,"","",I7801814,"","","","",1,1
E/ECWA/SDHS/WG.10/3,I7801815,"","","","","","",1,1
E/ECWA/SDHS/WG.17/12,I8003384,"","","","","","",1,1
E/ECWA/SDHS/WG.17/4,I8003382,"","","","","","",1,1
E/ECWA/SDHS/WG.18,I8104516,"","","","","","",1,1
E/ECWA/SDHS/WG.18/,I8200016,"","","","","","",1,1
E/ECWA/SDHS/WG.20/2,I8300283,"","","","","","",1,1
E/ECWA/SDHS/WP.1,I8104427,"","","","","","",1,1
E/ECWA/SDHS/WP.2,I8104467,"","","","","","",1,1
E/ECWA/SDP/83/1,I8300420,"","","","","","",1,1
E/ECWA/SDP/83/2,I8300441,"","","","","","",1,1
E/ECWA/SDP/83/8,"","",I8300850,"","","","",1,1
E/ECWA/SDP/84/1,I8400007,"","","","","","",1,1
E/ECWA/SDP/84/10,I8400217,"","","","","","",1,1
E/ECWA/SDP/84/11,"","",I8400218,"","","","",1,1
E/ECWA/SDP/84/12,I8400355,"","","","","","",1,1
E/ECWA/SDP/84/2,"","",I8400063,"","","","",1,1
E/ECWA/SDP/84/3,"","",I8400443,"","","","",1,1
E/ECWA/SDP/84/4,"","",I8400445,"","","","",1,1
E/ECWA/SDP/84/5,"","",I8400444,"","","","",1,1
E/ECWA/SDP/84/6,"","",I8400446,"","","","",1,1
E/ECWA/SDP/84/7,"","",I8400476,"","","","",1,1
E/ECWA/SDP/84/9,I8400635,"","","","","","",1,1
E/ECWA/SDP/84/CONF.2/1,I8400920,"",I8400921,"","","","",1,1
E/ECWA/SDP/84/CONF.2/2,I8400922,"",I8400923,"","","","",1,1
E/ECWA/SDP/84/CONF.2/3,I8400852,"","","","","","",1,1
E/ECWA/SDP/84/CONF.2/3/REV.2,"","",I8500074,"","","","",1,1
E/ECWA/SDP/84/CONF.2/4,I8500216,"",I8500590,"","","","",1,1
E/ECWA/SDP/84/CONF.2/5,I8400985,"",I8400989,"","","","",1,1
E/ECWA/SDP/84/CONF.2/5/REV.1,I8401046,"",I8500004,"","","","",1,1
E/ECWA/SDP/84/CONF.2/NGO/4/REV.1,I8500104,"",I8500103,"","","","",1,1
E/ECWA/SDP/84/SEM.1/1,I8400805,"","","","","","",1,1
E/ECWA/SDP/84/SEM.1/2,I8400528,"","","","","","",1,1
E/ECWA/SDP/84/SEM.1/3,I8400809,"","","","","","",1,1
E/ECWA/SDP/84/SEM.1/4,I8400525,"","","","","","",1,1
E/ECWA/SDP/84/SEM.1/5,I8400748,"","","","","","",1,1
E/ECWA/SDP/84/SEM.1/6,I8400792,"","","","","","",1,1
E/ECWA/SDP/84/SEM.1/7,I8400866,"","","","","","",1,1
E/ECWA/SDP/84/SEM.1/7/REV.1,I8500071,"","","","","","",1,1
E/ECWA/SDP/84/SEM.1/INF.1/REV.2,I8400855,"","","","","","",1,1
E/ECWA/SDP/84/SEM.1/INF.2,I8400807,"","","","","","",1,1
E/ECWA/SDP/84/SEM.1/INF.3,I8400808,"","","","","","",1,1
E/ECWA/SDP/84/WG.4/1,I8400742,"","","","","","",1,1
E/ECWA/SDP/84/WG.4/2,I8400697,"","","","","","",1,1
E/ECWA/SDP/84/WG.4/3/REV.1,I8400858,"","","","","","",1,1
E/ECWA/SDP/84/WG.4/3/REV.2,I8500216,"",I8500590,"","","","",1,1
E/ECWA/SDP/84/WG.4/3/REV.2,"","",I8500590,"","","","",1,1
E/ECWA/SDP/84/WG.4/3/REV.2,I8500216,"","","","","","",1,1
E/ECWA/SDP/84/WG.4/4/REV.1,I8400786,"","","","","","",1,1
E/ECWA/SDP/84/WG.4/5/REV.1,I8500655,"",I8500663,"","","","",1,1
E/ECWA/SDP/84/WG.4/INF.1,I8400698,"","","","","","",1,1
E/ECWA/SDP/84/WG.4/INF.2/REV.1,I8400770,"","","","","","",1,1
E/ECWA/SDP/84/WG.4/INF.3,I8400759,"","","","","","",1,1
E/ECWA/SDP/CONF.1/3,"","",I8361744,"","","","",1,1
E/ECWA/SDP/CONF.1/4/REV.1,I8300696,"",I8300749,"","","","",1,1
E/ECWA/SDP/CONF.1/BP.1,"","",I8300627,"","","","",1,1
E/ECWA/SDP/CONF.1/BP.2,I8300628,"","","","","","",1,1
E/ECWA/SDP/CONF.1/INF.1,I8300633,"","","","","","",1,1
E/ECWA/SDP/CONF.1/INF.3/REV.1,"","",I8300661,"","","","",1,1
E/ECWA/SDP/CONF.1/REV.1,I8300653,"","","","","","",1,1
E/ECWA/SDP/WG.2/1,I8300732,"","","","","","",1,1
E/ECWA/SDP/WG.2/2,I8300769,"","","","","","",1,1
E/ECWA/SDP/WG.2/3,I8300775,"","","","","","",1,1
E/ECWA/SDP/WG.2/4,I8400021,"","","","","","",1,1
E/ECWA/SDP/WG.3/2,I8300752,"","","","","","",1,1
E/ECWA/SDP/WG.3/3,I8300753,"","","","","","",1,1
E/ECWA/SDP/WG.3/4,I8300757,"","","","","","",1,1
E/ECWA/SDP/WG.3/5/REV.1,I8400060,"","","","","","",1,1
E/ECWA/SDP/WG.3/6,I8300783,"","","","","","",1,1
E/ECWA/SDP/WG.3/7,I8300798,"","","","","","",1,1
E/ECWA/SDP/WG.3/8,I8300801,"","","","","","",1,1
E/ECWA/SDP/WG.3/9,I8300802,"","","","","","",1,1
E/ECWA/SD/83/1,"","",I8300055,"","","","",1,1
E/ECWA/SD/83/2/REV.1,"","",I8300054,"","","","",1,1
E/ECWA/SD/83/3,"","",I8300059,"","","","",1,1
E/ECWA/SD/83/5,"","",I8300498,"","","","",1,1
E/ECWA/STAT/82-8,I8200553,"","","","","","",1,1
E/ECWA/STAT/82-9,I8200608,"","","","","","",1,1
E/ECWA/STAT/82/1,I8200015,"","","","","","",1,1
E/ECWA/STAT/82/15,I8300422,"","","","","","",1,1
E/ECWA/STAT/83-10,"","",I8300392,"","","","",1,1
E/ECWA/STAT/83﻿-11,I8300393,"","","","","","",1,1
E/ECWA/STAT/83-17,I8300428,"","","","","","",1,1
E/ECWA/STAT/83-2,"","",I8300134,"","","","",1,1
E/ECWA/STAT/83-6,I8300388,"","","","","","",1,1
E/ECWA/STAT/83-7,I8300389,"","","","","","",1,1
E/ECWA/STAT/83-8,I8300390,"","","","","","",1,1
E/ECWA/STAT/83-9,I8300391,"","","","","","",1,1
E/ECWA/STAT/83/16,I8300423,"","","","","","",1,1
E/ECWA/STAT/83/19,I8300435,"","","","","","",1,1
E/ECWA/STAT/83/20,I8300437,"","","","","","",1,1
E/ECWA/STAT/83/21,"","",I8300439,"","","","",1,1
E/ECWA/STAT/83/23,I8300458,"","","","","","",1,1
E/ECWA/STAT/83/24,I8300459,"","","","","","",1,1
E/ECWA/STAT/83/26,"","",I8300461,"","","","",1,1
E/ECWA/STAT/83/29,"","",I8300488,"","","","",1,1
E/ECWA/STAT/83/31,I8300525,"","","","","","",1,1
E/ECWA/STAT/83/34,I8300675,"","","","","","",1,1
E/ECWA/STAT/83/35,I8300746,"","","","","","",1,1
E/ECWA/STAT/83/36,I8300747,"","","","","","",1,1
E/ECWA/STAT/83/5/ADD.1,"","",I8300387,"","","","",1,1
E/ECWA/STAT/84-3,"","",I8400544,"","","","",1,1
E/ECWA/STAT/84/1,I8400009,"","","","","","",1,1
E/ECWA/STAT/84/10,"","",I8400117,"","","","",1,1
E/ECWA/STAT/84/11,"","",I8400118,"","","","",1,1
E/ECWA/STAT/84/12,"","",I8400134,"","","","",1,1
E/ECWA/STAT/84/14,I8400331,"",I8400337,"","","","",1,1
E/ECWA/STAT/84/15,"","",I8400357,"","","","",1,1
E/ECWA/STAT/84/16,I8400371,"","","","","","",1,1
E/ECWA/STAT/84/17,I8400373,"","","","","","",1,1
E/ECWA/STAT/84/18,I8400383,"","","","","","",1,1
E/ECWA/STAT/84/19,I8400384,"","","","","","",1,1
E/ECWA/STAT/84/2,I8400010,"","","","","","",1,1
E/ECWA/STAT/84/20,I8400388,"","","","","","",1,1
E/ECWA/STAT/84/21,I8400413,"","","","","","",1,1
E/ECWA/STAT/84/23,I8400432,"","","","","","",1,1
E/ECWA/STAT/84/25/ADD.1,I8400971,"","","","","","",1,1
E/ECWA/STAT/84/25/REV.1,I8400969,"","","","","","",1,1
E/ECWA/STAT/84/27,I8400567,"","","","","","",1,1
E/ECWA/STAT/84/28,"","",I8400507,"","","","",1,1
E/ECWA/STAT/84/29,I8400536,"","","","","","",1,1
E/ECWA/STAT/84/3,I8400025,"","","","","","",1,1
E/ECWA/STAT/84/30,I8400584,"","","","","","",1,1
E/ECWA/STAT/84/31,I8400659,"",I8400660,"","","","",1,1
E/ECWA/STAT/84/33,I8400972,"","","","","","",1,1
E/ECWA/STAT/84/34,I8401016,"","","","","","",1,1
E/ECWA/STAT/84/35,I8401017,"","","","","","",1,1
E/ECWA/STAT/84/5,I8400043,"","","","","","",1,1
E/ECWA/STAT/84/7,I8400072,"","","","","","",1,1
E/ECWA/STAT/84/8,I8400112,"","","","","","",1,1
E/ECWA/STAT/84/9,I8400116,"","","","","","",1,1
E/ECWA/STAT/85/1,I8500050,"","","","","","",1,1
E/ECWA/STAT/85/10,"","",I8500344,"","","","",1,1
E/ECWA/STAT/85/11,I8500470,"","","","","","",1,1
E/ECWA/STAT/85/12,I8500486,"","","","","","",1,1
E/ECWA/STAT/85/13,I8500523,"","","","","","",1,1
E/ECWA/STAT/85/14,"","",I8500524,"","","","",1,1
E/ECWA/STAT/85/15,I8500753,"","","","","","",1,1
E/ECWA/STAT/85/16,I8500854,"","","","","","",1,1
E/ECWA/STAT/85/17,I8500865,"","","","","","",1,1
E/ECWA/STAT/85/19,I8500984,"","","","","","",1,1
E/ECWA/STAT/85/2,I8500059,"","","","","","",1,1
E/ECWA/STAT/85/3,I8500088,"","","","","","",1,1
E/ECWA/STAT/85/4,I8500111,"","","","","","",1,1
E/ECWA/STAT/85/5,I8500168,"","","","","","",1,1
E/ECWA/STAT/85/6,I8500329,"","","","","","",1,1
E/ECWA/STAT/85/7,I8500237,"","","","","","",1,1
E/ECWA/STAT/85/8,I8500341,"","","","","","",1,1
E/ECWA/STAT/85/9,I8500343,"","","","","","",1,1
E/ECWA/STAT/WG.3/11,I8104476,"","","","","","",1,1
E/ECWA/STAT/WG.3/3,I8003494,"",I8003517,"","","","",1,1
E/ECWA/STAT/WG.3/4,"","",I8003516,"","","","",1,1
E/ECWA/STAT/WG.3/5,I8103599,"",I8103717,"","","","",1,1
E/ECWA/STAT/WG.3/6,I8003560,"",I8103692,"","","","",1,1
E/ECWA/STAT/WG.3/7,I8003571,"","","","","","",1,1
E/ECWA/STAT/WG.3/8,I8104272,"","","","","","",1,1
E/ECWA/STAT/WG.4/1,I8300762,"",I8300763,"","","","",1,1
E/ECWA/STAT/WG.4/10,I8300733,"","","","","","",1,1
E/ECWA/STAT/WG.4/13/REV.1,"","",I8400577,"","","","",1,1
E/ECWA/STAT/WG.4/14,I8400415,"","","","","","",1,1
E/ECWA/STAT/WG.4/3,I8300611,"",I8300727,"","","","",1,1
E/ECWA/STAT/WG.4/3,"","",I8300727,"","","","",1,1
E/ECWA/STAT/WG.4/4,I8300781,"","","","","","",1,1
E/ECWA/STAT/WG.4/6,I8300710,"",I8300758,"","","","",1,1
E/ECWA/STAT/WG.4/6/ADD.1,"","",I8300791,"","","","",1,1
E/ECWA/STAT/WG.4/8,I8300734,"",I8300726,"","","","",1,1
E/ECWA/STAT/WG.4/9,I8300748,"",I8300728,"","","","",1,1
E/ECWA/STAT/WP.2,"","",I8104337,"","","","",1,1
E/ECWA/STAT/WP.3,I8205670,"",I8205669,I8205668,"","","",1,1
E/ECWA/TCT/83/5,"","",I8300777,"","","","",1,1
E/ECWA/TCT/83/6,I8300879,"","","","","","",1,1
E/ECWA/TCT/84/1,I8400023,"","","","","","",1,1
E/ECWA/TCT/84/3,"","",I8400042,"","","","",1,1
E/ECWA/TCT/84/4,I8400046,"",I8500356,"","","","",1,1
E/ECWA/TCT/84/5,"","",I8400103,"","","","",1,1
E/ECWA/TCT/84/6,"","",I8400230,"","","","",1,1
E/ECWA/TCT/84/7,"","",I8400249,"","","","",1,1
E/ECWA/TCT/84/8,I8400617,"","","","","","",1,1
E/ECWA/TCT/84/8/SUPP.1,I8400618,"","","","","","",1,1
E/ECWA/TCT/84/WG.16/1,I8400633,"",I8400630,"","","","",1,1
E/ECWA/TCT/84/WG.16/2,I8400706,"","","","","","",1,1
E/ECWA/TCT/84/WG.16/3,I8400671,"","","","","","",1,1
E/ECWA/TCT/84/WG.16/4,I8400644,"","","","","","",1,1
E/ECWA/TCT/84/WG.16/5,"","",I8400631,"","","","",1,1
E/ECWA/TCT/84/WG.16/6,I8400894,"","","","","","",1,1
E/ECWA/TCT/84/WG.16/6/REV.1,I8400910,"",I8500118,"","","","",1,1
E/ECWA/TCT/85/1,I8500021,"","","","","","",1,1
E/ECWA/TCT/85/2,"","",I8500022,"","","","",1,1
E/ECWA/TCT/85/3,I8500641,"","","","","","",1,1
E/ECWA/TCT/85/4,I8500357,"","","","","","",1,1
E/ECWA/TCT/85/5,I8500353,"","","","","","",1,1
E/ECWA/TCT/85/6,"","",I8500541,"","","","",1,1
E/ECWA/TCT/85/7,I8500715,"","","","","","",1,1
E/ECWA/TRANS.2/REV.1/SUMMARY,I7902917,"","","","","","",1,1
E/ECWA/UNCTC/85/2,"","",I8500142,"","","","",1,1
E/ECWA/UNIDO/WP.1,"","",I8203961,"","","","",1,1
E/ECWA/XII/1,I8500042,"",I8500019,"","","","",1,1
E/ECWA/XII/10,I8500366,"",I8500367,"","","","",1,1
E/ECWA/XII/11,I8500619,"",I8500526,"","","","",1,1
E/ECWA/XII/1/ADD.1,I8500264,"",I8500299,"","","","",1,1
E/ECWA/XII/1/REV.1,I8500510,"",I8500509,"","","","",1,1
E/ECWA/XII/2,I8500276,"",I8500275,"","","","",1,1
E/ECWA/XII/3/REV.2,I8500480,"",I8500479,"","","","",1,1
E/ECWA/XII/3/REV.3,"","",I8504488,"","","","",1,1
E/ECWA/XII/4,I8500503,"","","","","","",1,1
E/ECWA/XII/4/CORR.1,I8500460,"","","","","","",1,1
E/ECWA/XII/4/REV.1,I8500613,"",I8500551,"","","","",1,1
E/ECWA/XII/5,I8500259,"",I8500260,"","","","",1,1
E/ECWA/XII/5/ADD.10,I8500215,"",I8500161,"","","","",1,1
E/ECWA/XII/5/ADD.11,I8500295,"",I8500317,"","","","",1,1
"E/ECWA/XII/5/ADD.1/PART I",I8500262,"",I8500227,"","","","",1,1
"E/ECWA/XII/5/ADD.1/PART II",I8500244,"",I8500170,"","","","",1,1
E/ECWA/XII/5/ADD.2,I8500181,"",I8500095,"","","","",1,1
E/ECWA/XII/5/ADD.3,I8500182,"",I8500096,"","","","",1,1
E/ECWA/XII/5/ADD.4,I8500282,"",I8500247,"","","","",1,1
E/ECWA/XII/5/ADD.5,I8500252,"",I8500156,"","","","",1,1
E/ECWA/XII/5/ADD.6,I8500320,"",I8500281,"","","","",1,1
E/ECWA/XII/5/ADD.7,I8500179,"",I8500180,"","","","",1,1
E/ECWA/XII/5/ADD.8,I8500239,"",I8500298,"","","","",1,1
E/ECWA/XII/5/ADD.9,I8500240,"",I8500094,"","","","",1,1
E/ECWA/XII/6,I8500238,"","","","","","",1,1
E/ECWA/XII/6/ADD.1,I8500255,"",I8500254,"","","","",1,1
E/ECWA/XII/6/ADD.2,I8500409,"",I8500404,"","","","",1,1
E/ECWA/XII/7,I8500257,"",I8500258,"","","","",1,1
E/ECWA/XII/7/ADD.1,I8500304,"",I8500292,"","","","",1,1
E/ECWA/XII/8,I8500324,"",I8500312,"","","","",1,1
E/ECWA/XII/8/ADD.1,I8500327,"",I8500326,"","","","",1,1
E/ECWA/XII/8/ADD.1/SUPP1,I8500290,"",I8500241,"","","","",1,1
E/ECWA/XII/8/ADD.2,I8500319,"",I8500307,"","","","",1,1
E/ECWA/XII/9,I8500263,"",I8500270,"","","","",1,1
"E/ECWA/XII/ADD.1/PART I",I8500262,"","","","","","",1,1
E/ECWA/XII/CP/1/ADD.1,I8500283,"",I8500303,"","","","",1,1
E/ECWA/XII/CP/1/REV.1,I8500462,"",I8500461,"","","","",1,1
E/ECWA/XII/CP/2/REV.1,I8500457,"",I8500458,"","","","",1,1
E/ECWA/XII/CP/3/REV.3,I8500502,"",I8500501,"","","","",1,1
E/ECWA/XII/CP/4,I8500395,"",I8500394,"","","","",1,1
E/ECWA/XII/CP/4/CORR.1,"","",I8500459,"","","","",1,1
E/ECWA/XII/CP/5,I8500213,"",I8500214,"","","","",1,1
E/ECWA/XII/CP/5/ADD.1,I8500235,"",I8500291,"","","","",1,1
E/ECWA/XII/CP/6,I8500201,"",I8500200,"","","","",1,1
E/ECWA/XII/CP/6/ADD.1,I8500187,"",I8500043,"","","","",1,1
E/ECWA/XII/CP/6/ADD.1/CORR.1,I8500440,"",I8500442,"","","","",1,1
E/ECWA/XII/CP/7/REV.1,I8500613,"",I8500551,"","","","",1,1
E/ECWA/XII/CP/INF.1/REV.3,I8500498,"",I8500497,"","","","",1,1
E/ECWA/XII/CP/INF.2,I8500421,"",I8500448,"","","","",1,1
E/ECWA/XII/INF.1,I8500082,"",I8500081,"","","","",1,1
E/ECWA/XII/INF.2,I8500422,"",I8500443,"","","","",1,1
E/ECWA/XII/INF.3/REV.1,I8500513,"",I8500514,"","","","",1,1
E/ECWA/XI/10,I8400216,"",I8400202,"","","","",1,1
E/ECWA/XI/10/ADD.1,I8400223,"",I8400201,"","","","",1,1
E/ECWA/XI/10/ADD.1/SUPP.1,I8400263,"",I8400224,"","","","",1,1
E/ECWA/XI/10/ADD.2,"","",I8400254,"","","","",1,1
E/ECWA/XI/11,I8400168,"",I8400169,"","","","",1,1
E/ECWA/XI/12,I8400232,"",I8400231,"","","","",1,1
E/ECWA/XI/13,I8400159,"",I8400194,"","","","",1,1
E/ECWA/XI/14,I8400271,"",I8400272,"","","","",1,1
E/ECWA/XI/15/REV.1,I8400268,"",I8400258,"","","","",1,1
E/ECWA/XI/16/REV.1,I8401625,"",I8401627,I8401626,"","","",1,1
E/ECWA/XI/1/REV.2,"","",I8400308,I8400316,"","","",1,1
E/ECWA/XI/2,I8400158,"",I8400157,"","","","",1,1
E/ECWA/XI/3/REV.3,I8400314,"",I8400315,"","","","",1,1
"E/ECWA/XI/4(PART II)",I8400146,"",I8400167,"","","","",1,1
"E/ECWA/XI/4(PART I)",I8400147,"",I8400188,"","","","",1,1
E/ECWA/XI/4/ADD.1,"","",I8400305,"","","","",1,1
"E/ECWA/XI/4/ADD.1/PART 2",I8400278,"",I8400305,"","","","",1,1
"E/ECWA/XI/4/ADD.1/PART I",I8400234,"",I8400233,"","","","",1,1
E/ECWA/XI/5,I8400181,"",I8400199,"","","","",1,1
E/ECWA/XI/5/ADD.1,I8400306,"",I8400307,"","","","",1,1
E/ECWA/XI/6,I8400267,"",I8400260,"","","","",1,1
E/ECWA/XI/6/ADD.1,I8400593,"",I8400261,"","","","",1,1
E/ECWA/XI/6/ADD.2,"","",I8501626,"","","","",1,1
E/ECWA/XI/7/REV.1,I8400359,"",I8400377,"","","","",1,1
E/ECWA/XI/8,I8400156,"",I8400170,"","","","",1,1
E/ECWA/XI/9,I8400239,"",I8400238,"","","","",1,1
E/ECWA/XI/9/ADD.1,I8400269,"",I8400298,"","","","",1,1
E/ECWA/XI/9/ADD.1/REV.1,I8400477,"",I8400457,"","","","",1,1
E/ECWA/XI/9/ADD.2/REV.1,I8406458,"",I8400458,"","","","",1,1
E/ECWA/XI/CP.1/ADD.1,I8400226,"",I8400225,"","","","",1,1
E/ECWA/XI/CP.5,I8400183,"",I8400184,"","","","",1,1
E/ECWA/XI/CP/10,I8400244,"",I8400245,"","","","",1,1
E/ECWA/XI/CP/11/REV.2,I8400359,"",I8400377,"","","","",1,1
E/ECWA/XI/CP/1/REV.1,I8400328,"",I8400327,"","","","",1,1
E/ECWA/XI/CP/2,I8400276,"",I8400277,"","","","",1,1
E/ECWA/XI/CP/3,I8400210,"",I8400212,"","","","",1,1
E/ECWA/XI/CP/4,I8400220,"",I8400221,"","","","",1,1
E/ECWA/XI/CP/4/ADD.1,I8400273,"",I8400251,"","","","",1,1
E/ECWA/XI/CP/6,I8400148,"",I8400152,"","","","",1,1
E/ECWA/XI/CP/6/ADD.1,I8400149,"",I8400163,"","","","",1,1
E/ECWA/XI/CP/7,I8400215,"",I8400214,"","","","",1,1
E/ECWA/XI/CP/8,I8400257,"",I8400256,"","","","",1,1
E/ECWA/XI/CP/9,I8400240,"",I8400247,"","","","",1,1
E/ECWA/XI/CP/INF.1,I8400320,"",I8400321,"","","","",1,1
E/ECWA/XI/INF.1,I8400193,"",I8400192,"","","","",1,1
E/ECWA/XI/INF.2/REV.1,I8400350,"",I8400349,"","","","",1,1
E/ECWA/XI/INF.3/REV.2,I8400368,"",I8400369,"","","","",1,1
ID/WG.201/1,"","",I750162,"","","","",1,1
ID/WG.201/13,"","",I7501202,"","","","",1,1
ID/WG.201/2,"","",I750163,"","","","",1,1
ID/WG.201/4,"","",I750165,"","","","",1,1
UNCTAD/MTN/40/SUPP.1,"","",I7701013,"","","","",1,1
UNCTAD/MTN/40/SUPP.2,"","",I7701117,"","","","",1,1
